Date,Depth.inches
8/1/1979,0
8/2/1979,0
8/3/1979,0
8/4/1979,0
8/5/1979,0
8/6/1979,0
8/7/1979,0
8/8/1979,0
8/9/1979,0
8/10/1979,0
8/11/1979,0
8/12/1979,0
8/13/1979,0
8/14/1979,0
8/15/1979,0
8/16/1979,0
8/17/1979,0
8/18/1979,0
8/19/1979,0
8/20/1979,0
8/21/1979,0
8/22/1979,0
8/23/1979,0
8/24/1979,0
8/25/1979,0
8/26/1979,0
8/27/1979,0
8/28/1979,0
8/29/1979,0
8/30/1979,0
8/31/1979,0
9/1/1979,0
9/2/1979,0
9/3/1979,0
9/4/1979,0
9/5/1979,0
9/6/1979,0
9/7/1979,0
9/8/1979,0
9/9/1979,0
9/10/1979,0
9/11/1979,0
9/12/1979,0
9/13/1979,0
9/14/1979,0
9/15/1979,0
9/16/1979,0
9/17/1979,0
9/18/1979,0
9/19/1979,0
9/20/1979,0
9/21/1979,0
9/22/1979,0
9/23/1979,0
9/24/1979,0
9/25/1979,0
9/26/1979,0
9/27/1979,0
9/28/1979,0
9/29/1979,0
9/30/1979,0
10/1/1979,0
10/2/1979,0
10/3/1979,0
10/4/1979,0
10/5/1979,0
10/6/1979,0
10/7/1979,0
10/8/1979,0
10/9/1979,0
10/10/1979,0
10/11/1979,0
10/12/1979,0
10/13/1979,0
10/14/1979,0
10/15/1979,0
10/16/1979,0
10/17/1979,0
10/18/1979,0
10/19/1979,0
10/20/1979,0
10/21/1979,0
10/22/1979,0
10/23/1979,0
10/24/1979,0
10/25/1979,0
10/26/1979,0
10/27/1979,0
10/28/1979,0
10/29/1979,0
10/30/1979,0
10/31/1979,0
11/1/1979,0
11/2/1979,0
11/3/1979,0
11/4/1979,0
11/5/1979,0
11/6/1979,0
11/7/1979,0
11/8/1979,0
11/9/1979,0
11/10/1979,0
11/11/1979,0
11/12/1979,0
11/13/1979,0
11/14/1979,0
11/15/1979,0
11/16/1979,0
11/17/1979,0
11/18/1979,0
11/19/1979,0
11/20/1979,0
11/21/1979,0
11/22/1979,0
11/23/1979,0
11/24/1979,0
11/25/1979,0
11/26/1979,0
11/27/1979,0
11/28/1979,0
11/29/1979,M
11/30/1979,M
12/1/1979,2
12/2/1979,5
12/3/1979,3
12/4/1979,2
12/5/1979,2
12/6/1979,0
12/7/1979,0
12/8/1979,1
12/9/1979,1
12/10/1979,1
12/11/1979,0
12/12/1979,0
12/13/1979,0
12/14/1979,0
12/15/1979,0
12/16/1979,0
12/17/1979,2
12/18/1979,2
12/19/1979,2
12/20/1979,1
12/21/1979,1
12/22/1979,0
12/23/1979,0
12/24/1979,0
12/25/1979,0
12/26/1979,3
12/27/1979,3
12/28/1979,2
12/29/1979,2
12/30/1979,2
12/31/1979,1
1/1/1980,1
1/2/1980,1
1/3/1980,1
1/4/1980,1
1/5/1980,2
1/6/1980,2
1/7/1980,2
1/8/1980,3
1/9/1980,3
1/10/1980,3
1/11/1980,1
1/12/1980,1
1/13/1980,1
1/14/1980,M
1/15/1980,0
1/16/1980,0
1/17/1980,0
1/18/1980,0
1/19/1980,0
1/20/1980,0
1/21/1980,0
1/22/1980,M
1/23/1980,2
1/24/1980,4
1/25/1980,4
1/26/1980,4
1/27/1980,3
1/28/1980,3
1/29/1980,4
1/30/1980,6
1/31/1980,5
2/1/1980,7
2/2/1980,9
2/3/1980,9
2/4/1980,9
2/5/1980,9
2/6/1980,6
2/7/1980,6
2/8/1980,6
2/9/1980,6
2/10/1980,6
2/11/1980,6
2/12/1980,7
2/13/1980,6
2/14/1980,6
2/15/1980,6
2/16/1980,11
2/17/1980,12
2/18/1980,12
2/19/1980,11
2/20/1980,7
2/21/1980,5
2/22/1980,3
2/23/1980,M
2/24/1980,M
2/25/1980,M
2/26/1980,1
2/27/1980,3
2/28/1980,4
2/29/1980,3
3/1/1980,3
3/2/1980,3
3/3/1980,2
3/4/1980,2
3/5/1980,1
3/6/1980,1
3/7/1980,M
3/8/1980,M
3/9/1980,M
3/10/1980,M
3/11/1980,M
3/12/1980,M
3/13/1980,M
3/14/1980,1
3/15/1980,1
3/16/1980,M
3/17/1980,0
3/18/1980,2
3/19/1980,M
3/20/1980,0
3/21/1980,0
3/22/1980,2
3/23/1980,1
3/24/1980,M
3/25/1980,0
3/26/1980,0
3/27/1980,0
3/28/1980,0
3/29/1980,0
3/30/1980,0
3/31/1980,0
4/1/1980,0
4/2/1980,0
4/3/1980,0
4/4/1980,0
4/5/1980,0
4/6/1980,0
4/7/1980,0
4/8/1980,0
4/9/1980,0
4/10/1980,0
4/11/1980,0
4/12/1980,0
4/13/1980,0
4/14/1980,0
4/15/1980,0
4/16/1980,0
4/17/1980,0
4/18/1980,0
4/19/1980,0
4/20/1980,0
4/21/1980,0
4/22/1980,0
4/23/1980,0
4/24/1980,0
4/25/1980,0
4/26/1980,0
4/27/1980,0
4/28/1980,0
4/29/1980,0
4/30/1980,0
5/1/1980,0
5/2/1980,0
5/3/1980,0
5/4/1980,0
5/5/1980,0
5/6/1980,0
5/7/1980,0
5/8/1980,0
5/9/1980,0
5/10/1980,0
5/11/1980,0
5/12/1980,0
5/13/1980,0
5/14/1980,0
5/15/1980,0
5/16/1980,0
5/17/1980,0
5/18/1980,0
5/19/1980,0
5/20/1980,0
5/21/1980,0
5/22/1980,0
5/23/1980,0
5/24/1980,0
5/25/1980,0
5/26/1980,0
5/27/1980,0
5/28/1980,0
5/29/1980,0
5/30/1980,0
5/31/1980,0
6/1/1980,0
6/2/1980,0
6/3/1980,0
6/4/1980,0
6/5/1980,0
6/6/1980,0
6/7/1980,0
6/8/1980,0
6/9/1980,0
6/10/1980,0
6/11/1980,0
6/12/1980,0
6/13/1980,0
6/14/1980,0
6/15/1980,0
6/16/1980,0
6/17/1980,0
6/18/1980,0
6/19/1980,0
6/20/1980,0
6/21/1980,0
6/22/1980,0
6/23/1980,0
6/24/1980,0
6/25/1980,0
6/26/1980,0
6/27/1980,0
6/28/1980,0
6/29/1980,0
6/30/1980,0
7/1/1980,0
7/2/1980,0
7/3/1980,0
7/4/1980,0
7/5/1980,0
7/6/1980,0
7/7/1980,0
7/8/1980,0
7/9/1980,0
7/10/1980,0
7/11/1980,0
7/12/1980,0
7/13/1980,0
7/14/1980,0
7/15/1980,0
7/16/1980,0
7/17/1980,0
7/18/1980,0
7/19/1980,0
7/20/1980,0
7/21/1980,0
7/22/1980,0
7/23/1980,0
7/24/1980,0
7/25/1980,0
7/26/1980,0
7/27/1980,0
7/28/1980,0
7/29/1980,0
7/30/1980,0
7/31/1980,0
8/1/1980,0
8/2/1980,0
8/3/1980,0
8/4/1980,0
8/5/1980,0
8/6/1980,0
8/7/1980,0
8/8/1980,0
8/9/1980,0
8/10/1980,0
8/11/1980,0
8/12/1980,0
8/13/1980,0
8/14/1980,0
8/15/1980,0
8/16/1980,0
8/17/1980,0
8/18/1980,0
8/19/1980,0
8/20/1980,0
8/21/1980,0
8/22/1980,0
8/23/1980,0
8/24/1980,0
8/25/1980,0
8/26/1980,0
8/27/1980,0
8/28/1980,0
8/29/1980,0
8/30/1980,0
8/31/1980,0
9/1/1980,0
9/2/1980,0
9/3/1980,0
9/4/1980,0
9/5/1980,0
9/6/1980,0
9/7/1980,0
9/8/1980,0
9/9/1980,0
9/10/1980,0
9/11/1980,0
9/12/1980,0
9/13/1980,0
9/14/1980,0
9/15/1980,0
9/16/1980,0
9/17/1980,0
9/18/1980,0
9/19/1980,0
9/20/1980,0
9/21/1980,0
9/22/1980,0
9/23/1980,0
9/24/1980,0
9/25/1980,0
9/26/1980,0
9/27/1980,0
9/28/1980,0
9/29/1980,0
9/30/1980,0
10/1/1980,0
10/2/1980,0
10/3/1980,0
10/4/1980,0
10/5/1980,0
10/6/1980,0
10/7/1980,0
10/8/1980,0
10/9/1980,0
10/10/1980,0
10/11/1980,0
10/12/1980,0
10/13/1980,0
10/14/1980,0
10/15/1980,0
10/16/1980,0
10/17/1980,0
10/18/1980,0
10/19/1980,0
10/20/1980,0
10/21/1980,0
10/22/1980,0
10/23/1980,0
10/24/1980,0
10/25/1980,0
10/26/1980,3
10/27/1980,3
10/28/1980,0
10/29/1980,0
10/30/1980,0
10/31/1980,0
11/1/1980,0
11/2/1980,0
11/3/1980,0
11/4/1980,0
11/5/1980,0
11/6/1980,0
11/7/1980,0
11/8/1980,0
11/9/1980,0
11/10/1980,0
11/11/1980,0
11/12/1980,0
11/13/1980,0
11/14/1980,0
11/15/1980,0
11/16/1980,0
11/17/1980,0
11/18/1980,2
11/19/1980,1
11/20/1980,0
11/21/1980,0
11/22/1980,M
11/23/1980,0
11/24/1980,0
11/25/1980,1
11/26/1980,1
11/27/1980,M
11/28/1980,2
11/29/1980,4
11/30/1980,4
12/1/1980,M
12/2/1980,0
12/3/1980,2
12/4/1980,1
12/5/1980,M
12/6/1980,M
12/7/1980,0
12/8/1980,0
12/9/1980,0
12/10/1980,M
12/11/1980,1
12/12/1980,1
12/13/1980,M
12/14/1980,M
12/15/1980,2
12/16/1980,2
12/17/1980,2
12/18/1980,2
12/19/1980,6
12/20/1980,8
12/21/1980,10
12/22/1980,7
12/23/1980,5
12/24/1980,5
12/25/1980,8
12/26/1980,8
12/27/1980,6
12/28/1980,6
12/29/1980,5
12/30/1980,5
12/31/1980,5
1/1/1981,6
1/2/1981,8
1/3/1981,11
1/4/1981,9
1/5/1981,12
1/6/1981,9
1/7/1981,15
1/8/1981,14
1/9/1981,14
1/10/1981,15
1/11/1981,17
1/12/1981,15
1/13/1981,15
1/14/1981,14
1/15/1981,13
1/16/1981,13
1/17/1981,17
1/18/1981,17
1/19/1981,14
1/20/1981,12
1/21/1981,11
1/22/1981,10
1/23/1981,10
1/24/1981,10
1/25/1981,9
1/26/1981,9
1/27/1981,8
1/28/1981,10
1/29/1981,9
1/30/1981,10
1/31/1981,9
2/1/1981,9
2/2/1981,9
2/3/1981,9
2/4/1981,8
2/5/1981,9
2/6/1981,9
2/7/1981,10
2/8/1981,10
2/9/1981,M
2/10/1981,11
2/11/1981,11
2/12/1981,M
2/13/1981,11
2/14/1981,11
2/15/1981,11
2/16/1981,9
2/17/1981,8
2/18/1981,4
2/19/1981,2
2/20/1981,M
2/21/1981,M
2/22/1981,M
2/23/1981,M
2/24/1981,M
2/25/1981,M
2/26/1981,0
2/27/1981,0
2/28/1981,M
3/1/1981,0
3/2/1981,M
3/3/1981,M
3/4/1981,0
3/5/1981,M
3/6/1981,1
3/7/1981,1
3/8/1981,M
3/9/1981,M
3/10/1981,1
3/11/1981,M
3/12/1981,1
3/13/1981,0
3/14/1981,M
3/15/1981,0
3/16/1981,1
3/17/1981,2
3/18/1981,2
3/19/1981,4
3/20/1981,4
3/21/1981,11
3/22/1981,6
3/23/1981,4
3/24/1981,2
3/25/1981,M
3/26/1981,M
3/27/1981,0
3/28/1981,0
3/29/1981,0
3/30/1981,0
3/31/1981,0
4/1/1981,0
4/2/1981,0
4/3/1981,0
4/4/1981,0
4/5/1981,0
4/6/1981,M
4/7/1981,0
4/8/1981,0
4/9/1981,0
4/10/1981,0
4/11/1981,0
4/12/1981,0
4/13/1981,0
4/14/1981,0
4/15/1981,0
4/16/1981,0
4/17/1981,0
4/18/1981,0
4/19/1981,0
4/20/1981,0
4/21/1981,0
4/22/1981,0
4/23/1981,0
4/24/1981,0
4/25/1981,0
4/26/1981,0
4/27/1981,0
4/28/1981,0
4/29/1981,0
4/30/1981,0
5/1/1981,0
5/2/1981,0
5/3/1981,0
5/4/1981,0
5/5/1981,0
5/6/1981,0
5/7/1981,0
5/8/1981,0
5/9/1981,0
5/10/1981,0
5/11/1981,0
5/12/1981,0
5/13/1981,0
5/14/1981,0
5/15/1981,0
5/16/1981,0
5/17/1981,0
5/18/1981,0
5/19/1981,0
5/20/1981,0
5/21/1981,0
5/22/1981,0
5/23/1981,0
5/24/1981,0
5/25/1981,0
5/26/1981,0
5/27/1981,0
5/28/1981,0
5/29/1981,0
5/30/1981,0
5/31/1981,0
6/1/1981,0
6/2/1981,0
6/3/1981,0
6/4/1981,0
6/5/1981,0
6/6/1981,0
6/7/1981,0
6/8/1981,0
6/9/1981,0
6/10/1981,0
6/11/1981,0
6/12/1981,0
6/13/1981,0
6/14/1981,0
6/15/1981,0
6/16/1981,0
6/17/1981,0
6/18/1981,0
6/19/1981,0
6/20/1981,0
6/21/1981,0
6/22/1981,0
6/23/1981,0
6/24/1981,0
6/25/1981,0
6/26/1981,0
6/27/1981,0
6/28/1981,0
6/29/1981,0
6/30/1981,0
7/1/1981,0
7/2/1981,0
7/3/1981,0
7/4/1981,0
7/5/1981,0
7/6/1981,0
7/7/1981,0
7/8/1981,0
7/9/1981,0
7/10/1981,0
7/11/1981,0
7/12/1981,0
7/13/1981,0
7/14/1981,0
7/15/1981,0
7/16/1981,0
7/17/1981,0
7/18/1981,0
7/19/1981,0
7/20/1981,0
7/21/1981,0
7/22/1981,0
7/23/1981,0
7/24/1981,0
7/25/1981,0
7/26/1981,0
7/27/1981,0
7/28/1981,0
7/29/1981,0
7/30/1981,0
7/31/1981,0
8/1/1981,0
8/2/1981,0
8/3/1981,0
8/4/1981,0
8/5/1981,0
8/6/1981,0
8/7/1981,0
8/8/1981,0
8/9/1981,0
8/10/1981,0
8/11/1981,0
8/12/1981,0
8/13/1981,0
8/14/1981,0
8/15/1981,0
8/16/1981,0
8/17/1981,0
8/18/1981,0
8/19/1981,0
8/20/1981,0
8/21/1981,0
8/22/1981,0
8/23/1981,0
8/24/1981,0
8/25/1981,0
8/26/1981,0
8/27/1981,0
8/28/1981,0
8/29/1981,0
8/30/1981,0
8/31/1981,0
9/1/1981,0
9/2/1981,0
9/3/1981,0
9/4/1981,0
9/5/1981,0
9/6/1981,0
9/7/1981,0
9/8/1981,0
9/9/1981,0
9/10/1981,0
9/11/1981,0
9/12/1981,0
9/13/1981,0
9/14/1981,0
9/15/1981,0
9/16/1981,0
9/17/1981,0
9/18/1981,0
9/19/1981,0
9/20/1981,0
9/21/1981,0
9/22/1981,0
9/23/1981,0
9/24/1981,0
9/25/1981,0
9/26/1981,0
9/27/1981,0
9/28/1981,0
9/29/1981,0
9/30/1981,0
10/1/1981,0
10/2/1981,0
10/3/1981,0
10/4/1981,0
10/5/1981,0
10/6/1981,0
10/7/1981,0
10/8/1981,0
10/9/1981,0
10/10/1981,0
10/11/1981,0
10/12/1981,0
10/13/1981,0
10/14/1981,0
10/15/1981,0
10/16/1981,0
10/17/1981,0
10/18/1981,0
10/19/1981,0
10/20/1981,0
10/21/1981,0
10/22/1981,0
10/23/1981,0
10/24/1981,0
10/25/1981,0
10/26/1981,0
10/27/1981,0
10/28/1981,0
10/29/1981,0
10/30/1981,0
10/31/1981,0
11/1/1981,0
11/2/1981,0
11/3/1981,0
11/4/1981,0
11/5/1981,0
11/6/1981,0
11/7/1981,0
11/8/1981,0
11/9/1981,0
11/10/1981,0
11/11/1981,0
11/12/1981,0
11/13/1981,0
11/14/1981,0
11/15/1981,0
11/16/1981,0
11/17/1981,0
11/18/1981,0
11/19/1981,0
11/20/1981,0
11/21/1981,6
11/22/1981,7
11/23/1981,7
11/24/1981,6
11/25/1981,4
11/26/1981,4
11/27/1981,M
11/28/1981,M
11/29/1981,0
11/30/1981,0
12/1/1981,0
12/2/1981,0
12/3/1981,0
12/4/1981,0
12/5/1981,1
12/6/1981,M
12/7/1981,0
12/8/1981,0
12/9/1981,6
12/10/1981,12
12/11/1981,12
12/12/1981,8
12/13/1981,8
12/14/1981,7
12/15/1981,6
12/16/1981,5
12/17/1981,7
12/18/1981,12
12/19/1981,16
12/20/1981,18
12/21/1981,14
12/22/1981,15
12/23/1981,8
12/24/1981,8
12/25/1981,4
12/26/1981,4
12/27/1981,6
12/28/1981,6
12/29/1981,10
12/30/1981,10
12/31/1981,9
1/1/1982,6
1/2/1982,6
1/3/1982,6
1/4/1982,4
1/5/1982,2
1/6/1982,1
1/7/1982,4
1/8/1982,5
1/9/1982,12
1/10/1982,10
1/11/1982,11
1/12/1982,11
1/13/1982,10
1/14/1982,12
1/15/1982,13
1/16/1982,16
1/17/1982,16
1/18/1982,15
1/19/1982,14
1/20/1982,13
1/21/1982,12
1/22/1982,12
1/23/1982,11
1/24/1982,M
1/25/1982,11
1/26/1982,11
1/27/1982,10
1/28/1982,10
1/29/1982,10
1/30/1982,9
1/31/1982,10
2/1/1982,8
2/2/1982,8
2/3/1982,8
2/4/1982,9
2/5/1982,9
2/6/1982,10
2/7/1982,10
2/8/1982,9
2/9/1982,11
2/10/1982,11
2/11/1982,11
2/12/1982,10
2/13/1982,10
2/14/1982,11
2/15/1982,10
2/16/1982,9
2/17/1982,8
2/18/1982,8
2/19/1982,8
2/20/1982,8
2/21/1982,7
2/22/1982,7
2/23/1982,7
2/24/1982,9
2/25/1982,9
2/26/1982,9
2/27/1982,8
2/28/1982,7
3/1/1982,6
3/2/1982,8
3/3/1982,9
3/4/1982,9
3/5/1982,8
3/6/1982,8
3/7/1982,9
3/8/1982,9
3/9/1982,11
3/10/1982,11
3/11/1982,7
3/12/1982,6
3/13/1982,M
3/14/1982,M
3/15/1982,M
3/16/1982,M
3/17/1982,M
3/18/1982,M
3/19/1982,0
3/20/1982,0
3/21/1982,0
3/22/1982,0
3/23/1982,0
3/24/1982,0
3/25/1982,0
3/26/1982,6
3/27/1982,7
3/28/1982,7
3/29/1982,6
3/30/1982,M
3/31/1982,0
4/1/1982,0
4/2/1982,0
4/3/1982,0
4/4/1982,2
4/5/1982,M
4/6/1982,7
4/7/1982,10
4/8/1982,9
4/9/1982,7
4/10/1982,M
4/11/1982,1
4/12/1982,M
4/13/1982,0
4/14/1982,0
4/15/1982,0
4/16/1982,0
4/17/1982,0
4/18/1982,0
4/19/1982,0
4/20/1982,0
4/21/1982,0
4/22/1982,0
4/23/1982,0
4/24/1982,0
4/25/1982,0
4/26/1982,0
4/27/1982,0
4/28/1982,0
4/29/1982,0
4/30/1982,0
5/1/1982,0
5/2/1982,0
5/3/1982,0
5/4/1982,0
5/5/1982,0
5/6/1982,0
5/7/1982,0
5/8/1982,0
5/9/1982,0
5/10/1982,0
5/11/1982,0
5/12/1982,0
5/13/1982,0
5/14/1982,0
5/15/1982,0
5/16/1982,0
5/17/1982,0
5/18/1982,0
5/19/1982,0
5/20/1982,0
5/21/1982,0
5/22/1982,0
5/23/1982,0
5/24/1982,0
5/25/1982,0
5/26/1982,0
5/27/1982,0
5/28/1982,0
5/29/1982,0
5/30/1982,0
5/31/1982,0
6/1/1982,0
6/2/1982,0
6/3/1982,0
6/4/1982,0
6/5/1982,0
6/6/1982,0
6/7/1982,0
6/8/1982,0
6/9/1982,0
6/10/1982,0
6/11/1982,0
6/12/1982,0
6/13/1982,0
6/14/1982,0
6/15/1982,0
6/16/1982,0
6/17/1982,0
6/18/1982,0
6/19/1982,0
6/20/1982,0
6/21/1982,0
6/22/1982,0
6/23/1982,0
6/24/1982,0
6/25/1982,0
6/26/1982,0
6/27/1982,0
6/28/1982,0
6/29/1982,0
6/30/1982,0
7/1/1982,0
7/2/1982,0
7/3/1982,0
7/4/1982,0
7/5/1982,0
7/6/1982,0
7/7/1982,0
7/8/1982,0
7/9/1982,0
7/10/1982,0
7/11/1982,0
7/12/1982,0
7/13/1982,0
7/14/1982,0
7/15/1982,0
7/16/1982,0
7/17/1982,0
7/18/1982,0
7/19/1982,0
7/20/1982,0
7/21/1982,0
7/22/1982,0
7/23/1982,0
7/24/1982,0
7/25/1982,0
7/26/1982,0
7/27/1982,0
7/28/1982,0
7/29/1982,0
7/30/1982,0
7/31/1982,0
8/1/1982,0
8/2/1982,0
8/3/1982,0
8/4/1982,0
8/5/1982,0
8/6/1982,0
8/7/1982,0
8/8/1982,0
8/9/1982,0
8/10/1982,0
8/11/1982,0
8/12/1982,0
8/13/1982,0
8/14/1982,0
8/15/1982,0
8/16/1982,0
8/17/1982,0
8/18/1982,0
8/19/1982,0
8/20/1982,0
8/21/1982,0
8/22/1982,0
8/23/1982,0
8/24/1982,0
8/25/1982,0
8/26/1982,0
8/27/1982,0
8/28/1982,0
8/29/1982,0
8/30/1982,0
8/31/1982,0
9/1/1982,0
9/2/1982,0
9/3/1982,0
9/4/1982,0
9/5/1982,0
9/6/1982,0
9/7/1982,0
9/8/1982,0
9/9/1982,0
9/10/1982,0
9/11/1982,0
9/12/1982,0
9/13/1982,0
9/14/1982,0
9/15/1982,0
9/16/1982,0
9/17/1982,0
9/18/1982,0
9/19/1982,0
9/20/1982,0
9/21/1982,0
9/22/1982,0
9/23/1982,0
9/24/1982,0
9/25/1982,0
9/26/1982,0
9/27/1982,0
9/28/1982,0
9/29/1982,0
9/30/1982,0
10/1/1982,0
10/2/1982,0
10/3/1982,0
10/4/1982,0
10/5/1982,0
10/6/1982,0
10/7/1982,0
10/8/1982,0
10/9/1982,0
10/10/1982,0
10/11/1982,0
10/12/1982,0
10/13/1982,0
10/14/1982,0
10/15/1982,0
10/16/1982,0
10/17/1982,0
10/18/1982,M
10/19/1982,M
10/20/1982,M
10/21/1982,M
10/22/1982,M
10/23/1982,M
10/24/1982,M
10/25/1982,M
10/26/1982,M
10/27/1982,M
10/28/1982,M
10/29/1982,M
10/30/1982,M
10/31/1982,M
11/1/1982,0
11/2/1982,0
11/3/1982,0
11/4/1982,0
11/5/1982,0
11/6/1982,0
11/7/1982,0
11/8/1982,0
11/9/1982,0
11/10/1982,0
11/11/1982,0
11/12/1982,0
11/13/1982,M
11/14/1982,M
11/15/1982,2
11/16/1982,1
11/17/1982,M
11/18/1982,0
11/19/1982,0
11/20/1982,0
11/21/1982,0
11/22/1982,0
11/23/1982,0
11/24/1982,M
11/25/1982,M
11/26/1982,M
11/27/1982,3
11/28/1982,1
11/29/1982,0
11/30/1982,0
12/1/1982,0
12/2/1982,0
12/3/1982,0
12/4/1982,0
12/5/1982,0
12/6/1982,0
12/7/1982,0
12/8/1982,0
12/9/1982,2
12/10/1982,3
12/11/1982,7
12/12/1982,5
12/13/1982,4
12/14/1982,M
12/15/1982,M
12/16/1982,0
12/17/1982,0
12/18/1982,0
12/19/1982,5
12/20/1982,5
12/21/1982,6
12/22/1982,6
12/23/1982,4
12/24/1982,M
12/25/1982,M
12/26/1982,M
12/27/1982,M
12/28/1982,M
12/29/1982,M
12/30/1982,4
12/31/1982,3
1/1/1983,2
1/2/1983,M
1/3/1983,M
1/4/1983,M
1/5/1983,M
1/6/1983,M
1/7/1983,0
1/8/1983,0
1/9/1983,0
1/10/1983,0
1/11/1983,0
1/12/1983,2
1/13/1983,2
1/14/1983,2
1/15/1983,1
1/16/1983,6
1/17/1983,9
1/18/1983,11
1/19/1983,12
1/20/1983,9
1/21/1983,6
1/22/1983,4
1/23/1983,3
1/24/1983,3
1/25/1983,2
1/26/1983,2
1/27/1983,2
1/28/1983,2
1/29/1983,1
1/30/1983,M
1/31/1983,M
2/1/1983,M
2/2/1983,M
2/3/1983,0
2/4/1983,5
2/5/1983,5
2/6/1983,4
2/7/1983,6
2/8/1983,6
2/9/1983,6
2/10/1983,4
2/11/1983,4
2/12/1983,4
2/13/1983,4
2/14/1983,4
2/15/1983,3
2/16/1983,2
2/17/1983,M
2/18/1983,M
2/19/1983,M
2/20/1983,0
2/21/1983,0
2/22/1983,0
2/23/1983,0
2/24/1983,0
2/25/1983,M
2/26/1983,1
2/27/1983,M
2/28/1983,0
3/1/1983,0
3/2/1983,0
3/3/1983,0
3/4/1983,0
3/5/1983,0
3/6/1983,0
3/7/1983,0
3/8/1983,0
3/9/1983,M
3/10/1983,M
3/11/1983,7
3/12/1983,5
3/13/1983,4
3/14/1983,1
3/15/1983,0
3/16/1983,0
3/17/1983,0
3/18/1983,0
3/19/1983,0
3/20/1983,0
3/21/1983,0
3/22/1983,14
3/23/1983,8
3/24/1983,5
3/25/1983,3
3/26/1983,2
3/27/1983,M
3/28/1983,0
3/29/1983,0
3/30/1983,0
3/31/1983,0
4/1/1983,0
4/2/1983,0
4/3/1983,0
4/4/1983,0
4/5/1983,0
4/6/1983,0
4/7/1983,0
4/8/1983,0
4/9/1983,0
4/10/1983,0
4/11/1983,0
4/12/1983,0
4/13/1983,0
4/14/1983,0
4/15/1983,0
4/16/1983,0
4/17/1983,M
4/18/1983,1
4/19/1983,2
4/20/1983,M
4/21/1983,0
4/22/1983,0
4/23/1983,0
4/24/1983,0
4/25/1983,0
4/26/1983,0
4/27/1983,0
4/28/1983,0
4/29/1983,0
4/30/1983,0
5/1/1983,0
5/2/1983,0
5/3/1983,0
5/4/1983,0
5/5/1983,0
5/6/1983,0
5/7/1983,0
5/8/1983,0
5/9/1983,0
5/10/1983,0
5/11/1983,0
5/12/1983,0
5/13/1983,0
5/14/1983,0
5/15/1983,0
5/16/1983,0
5/17/1983,0
5/18/1983,0
5/19/1983,0
5/20/1983,0
5/21/1983,0
5/22/1983,0
5/23/1983,0
5/24/1983,0
5/25/1983,0
5/26/1983,0
5/27/1983,0
5/28/1983,0
5/29/1983,0
5/30/1983,0
5/31/1983,0
6/1/1983,0
6/2/1983,0
6/3/1983,0
6/4/1983,0
6/5/1983,0
6/6/1983,0
6/7/1983,0
6/8/1983,0
6/9/1983,0
6/10/1983,0
6/11/1983,0
6/12/1983,0
6/13/1983,0
6/14/1983,0
6/15/1983,0
6/16/1983,0
6/17/1983,0
6/18/1983,0
6/19/1983,0
6/20/1983,0
6/21/1983,0
6/22/1983,0
6/23/1983,0
6/24/1983,0
6/25/1983,0
6/26/1983,0
6/27/1983,0
6/28/1983,0
6/29/1983,0
6/30/1983,0
7/1/1983,0
7/2/1983,0
7/3/1983,0
7/4/1983,0
7/5/1983,0
7/6/1983,0
7/7/1983,0
7/8/1983,0
7/9/1983,0
7/10/1983,0
7/11/1983,0
7/12/1983,0
7/13/1983,0
7/14/1983,0
7/15/1983,0
7/16/1983,0
7/17/1983,0
7/18/1983,0
7/19/1983,0
7/20/1983,0
7/21/1983,0
7/22/1983,0
7/23/1983,0
7/24/1983,0
7/25/1983,0
7/26/1983,0
7/27/1983,0
7/28/1983,0
7/29/1983,0
7/30/1983,0
7/31/1983,0
8/1/1983,0
8/2/1983,0
8/3/1983,0
8/4/1983,0
8/5/1983,0
8/6/1983,0
8/7/1983,0
8/8/1983,0
8/9/1983,0
8/10/1983,0
8/11/1983,0
8/12/1983,0
8/13/1983,0
8/14/1983,0
8/15/1983,0
8/16/1983,0
8/17/1983,0
8/18/1983,0
8/19/1983,0
8/20/1983,0
8/21/1983,0
8/22/1983,0
8/23/1983,0
8/24/1983,0
8/25/1983,0
8/26/1983,0
8/27/1983,0
8/28/1983,0
8/29/1983,0
8/30/1983,0
8/31/1983,0
9/1/1983,0
9/2/1983,0
9/3/1983,0
9/4/1983,0
9/5/1983,0
9/6/1983,0
9/7/1983,0
9/8/1983,0
9/9/1983,0
9/10/1983,0
9/11/1983,0
9/12/1983,0
9/13/1983,0
9/14/1983,0
9/15/1983,0
9/16/1983,0
9/17/1983,0
9/18/1983,0
9/19/1983,0
9/20/1983,0
9/21/1983,0
9/22/1983,0
9/23/1983,0
9/24/1983,0
9/25/1983,0
9/26/1983,0
9/27/1983,0
9/28/1983,0
9/29/1983,0
9/30/1983,0
10/1/1983,0
10/2/1983,0
10/3/1983,0
10/4/1983,0
10/5/1983,0
10/6/1983,0
10/7/1983,0
10/8/1983,0
10/9/1983,0
10/10/1983,0
10/11/1983,0
10/12/1983,0
10/13/1983,0
10/14/1983,0
10/15/1983,0
10/16/1983,0
10/17/1983,0
10/18/1983,0
10/19/1983,0
10/20/1983,0
10/21/1983,0
10/22/1983,0
10/23/1983,0
10/24/1983,0
10/25/1983,0
10/26/1983,0
10/27/1983,0
10/28/1983,0
10/29/1983,0
10/30/1983,0
10/31/1983,0
11/1/1983,0
11/2/1983,0
11/3/1983,0
11/4/1983,0
11/5/1983,0
11/6/1983,0
11/7/1983,0
11/8/1983,0
11/9/1983,0
11/10/1983,0
11/11/1983,0
11/12/1983,3
11/13/1983,3
11/14/1983,2
11/15/1983,M
11/16/1983,1
11/17/1983,M
11/18/1983,M
11/19/1983,0
11/20/1983,0
11/21/1983,0
11/22/1983,0
11/23/1983,0
11/24/1983,0
11/25/1983,0
11/26/1983,0
11/27/1983,0
11/28/1983,0
11/29/1983,0
11/30/1983,M
12/1/1983,M
12/2/1983,M
12/3/1983,1
12/4/1983,M
12/5/1983,0
12/6/1983,0
12/7/1983,3
12/8/1983,2
12/9/1983,3
12/10/1983,3
12/11/1983,3
12/12/1983,0
12/13/1983,0
12/14/1983,0
12/15/1983,0
12/16/1983,M
12/17/1983,1
12/18/1983,M
12/19/1983,4
12/20/1983,3
12/21/1983,3
12/22/1983,2
12/23/1983,1
12/24/1983,2
12/25/1983,2
12/26/1983,2
12/27/1983,2
12/28/1983,3
12/29/1983,5
12/30/1983,5
12/31/1983,5
1/1/1984,5
1/2/1984,4
1/3/1984,4
1/4/1984,4
1/5/1984,3
1/6/1984,3
1/7/1984,3
1/8/1984,5
1/9/1984,5
1/10/1984,10
1/11/1984,11
1/12/1984,11
1/13/1984,10
1/14/1984,10
1/15/1984,10
1/16/1984,10
1/17/1984,10
1/18/1984,11
1/19/1984,13
1/20/1984,13
1/21/1984,14
1/22/1984,13
1/23/1984,13
1/24/1984,9
1/25/1984,7
1/26/1984,7
1/27/1984,6
1/28/1984,6
1/29/1984,7
1/30/1984,8
1/31/1984,9
2/1/1984,9
2/2/1984,9
2/3/1984,4
2/4/1984,4
2/5/1984,4
2/6/1984,4
2/7/1984,6
2/8/1984,7
2/9/1984,7
2/10/1984,5
2/11/1984,4
2/12/1984,4
2/13/1984,0
2/14/1984,0
2/15/1984,0
2/16/1984,0
2/17/1984,0
2/18/1984,0
2/19/1984,0
2/20/1984,0
2/21/1984,M
2/22/1984,0
2/23/1984,0
2/24/1984,0
2/25/1984,4
2/26/1984,4
2/27/1984,4
2/28/1984,11
2/29/1984,16
3/1/1984,18
3/2/1984,18
3/3/1984,18
3/4/1984,18
3/5/1984,8
3/6/1984,8
3/7/1984,9
3/8/1984,9
3/9/1984,12
3/10/1984,11
3/11/1984,13
3/12/1984,13
3/13/1984,14
3/14/1984,11
3/15/1984,9
3/16/1984,5
3/17/1984,3
3/18/1984,3
3/19/1984,M
3/20/1984,M
3/21/1984,M
3/22/1984,4
3/23/1984,6
3/24/1984,6
3/25/1984,4
3/26/1984,2
3/27/1984,M
3/28/1984,0
3/29/1984,3
3/30/1984,4
3/31/1984,4
4/1/1984,M
4/2/1984,0
4/3/1984,0
4/4/1984,0
4/5/1984,0
4/6/1984,0
4/7/1984,M
4/8/1984,0
4/9/1984,0
4/10/1984,0
4/11/1984,0
4/12/1984,0
4/13/1984,0
4/14/1984,0
4/15/1984,0
4/16/1984,0
4/17/1984,0
4/18/1984,0
4/19/1984,0
4/20/1984,0
4/21/1984,0
4/22/1984,0
4/23/1984,0
4/24/1984,0
4/25/1984,0
4/26/1984,0
4/27/1984,0
4/28/1984,0
4/29/1984,0
4/30/1984,0
5/1/1984,0
5/2/1984,0
5/3/1984,0
5/4/1984,0
5/5/1984,0
5/6/1984,0
5/7/1984,0
5/8/1984,0
5/9/1984,0
5/10/1984,0
5/11/1984,0
5/12/1984,0
5/13/1984,0
5/14/1984,0
5/15/1984,0
5/16/1984,0
5/17/1984,0
5/18/1984,0
5/19/1984,0
5/20/1984,0
5/21/1984,0
5/22/1984,0
5/23/1984,0
5/24/1984,0
5/25/1984,0
5/26/1984,0
5/27/1984,0
5/28/1984,0
5/29/1984,0
5/30/1984,0
5/31/1984,0
6/1/1984,0
6/2/1984,0
6/3/1984,0
6/4/1984,0
6/5/1984,0
6/6/1984,0
6/7/1984,0
6/8/1984,0
6/9/1984,0
6/10/1984,0
6/11/1984,0
6/12/1984,0
6/13/1984,0
6/14/1984,0
6/15/1984,0
6/16/1984,0
6/17/1984,0
6/18/1984,0
6/19/1984,0
6/20/1984,0
6/21/1984,0
6/22/1984,0
6/23/1984,0
6/24/1984,0
6/25/1984,0
6/26/1984,0
6/27/1984,0
6/28/1984,0
6/29/1984,0
6/30/1984,0
7/1/1984,0
7/2/1984,0
7/3/1984,0
7/4/1984,0
7/5/1984,0
7/6/1984,0
7/7/1984,0
7/8/1984,0
7/9/1984,0
7/10/1984,0
7/11/1984,0
7/12/1984,0
7/13/1984,0
7/14/1984,0
7/15/1984,0
7/16/1984,0
7/17/1984,0
7/18/1984,0
7/19/1984,0
7/20/1984,0
7/21/1984,0
7/22/1984,0
7/23/1984,0
7/24/1984,0
7/25/1984,0
7/26/1984,0
7/27/1984,0
7/28/1984,0
7/29/1984,0
7/30/1984,0
7/31/1984,0
8/1/1984,0
8/2/1984,0
8/3/1984,0
8/4/1984,0
8/5/1984,0
8/6/1984,0
8/7/1984,0
8/8/1984,0
8/9/1984,0
8/10/1984,0
8/11/1984,0
8/12/1984,0
8/13/1984,0
8/14/1984,0
8/15/1984,0
8/16/1984,0
8/17/1984,0
8/18/1984,0
8/19/1984,0
8/20/1984,0
8/21/1984,0
8/22/1984,0
8/23/1984,0
8/24/1984,0
8/25/1984,0
8/26/1984,0
8/27/1984,0
8/28/1984,0
8/29/1984,0
8/30/1984,0
8/31/1984,0
9/1/1984,0
9/2/1984,0
9/3/1984,0
9/4/1984,0
9/5/1984,0
9/6/1984,0
9/7/1984,0
9/8/1984,0
9/9/1984,0
9/10/1984,0
9/11/1984,0
9/12/1984,0
9/13/1984,0
9/14/1984,0
9/15/1984,0
9/16/1984,0
9/17/1984,0
9/18/1984,0
9/19/1984,0
9/20/1984,0
9/21/1984,0
9/22/1984,0
9/23/1984,0
9/24/1984,0
9/25/1984,0
9/26/1984,0
9/27/1984,0
9/28/1984,0
9/29/1984,0
9/30/1984,0
10/1/1984,0
10/2/1984,0
10/3/1984,0
10/4/1984,0
10/5/1984,0
10/6/1984,0
10/7/1984,0
10/8/1984,0
10/9/1984,0
10/10/1984,0
10/11/1984,0
10/12/1984,0
10/13/1984,0
10/14/1984,0
10/15/1984,0
10/16/1984,0
10/17/1984,0
10/18/1984,0
10/19/1984,0
10/20/1984,0
10/21/1984,0
10/22/1984,0
10/23/1984,0
10/24/1984,0
10/25/1984,0
10/26/1984,0
10/27/1984,0
10/28/1984,0
10/29/1984,0
10/30/1984,0
10/31/1984,0
11/1/1984,0
11/2/1984,0
11/3/1984,0
11/4/1984,0
11/5/1984,0
11/6/1984,0
11/7/1984,0
11/8/1984,0
11/9/1984,0
11/10/1984,0
11/11/1984,0
11/12/1984,4
11/13/1984,7
11/14/1984,5
11/15/1984,2
11/16/1984,0
11/17/1984,0
11/18/1984,0
11/19/1984,0
11/20/1984,3
11/21/1984,2
11/22/1984,2
11/23/1984,M
11/24/1984,0
11/25/1984,0
11/26/1984,0
11/27/1984,0
11/28/1984,0
11/29/1984,0
11/30/1984,0
12/1/1984,0
12/2/1984,0
12/3/1984,0
12/4/1984,M
12/5/1984,M
12/6/1984,8
12/7/1984,11
12/8/1984,7
12/9/1984,6
12/10/1984,M
12/11/1984,2
12/12/1984,0
12/13/1984,0
12/14/1984,0
12/15/1984,0
12/16/1984,0
12/17/1984,0
12/18/1984,0
12/19/1984,0
12/20/1984,0
12/21/1984,0
12/22/1984,0
12/23/1984,0
12/24/1984,0
12/25/1984,2
12/26/1984,2
12/27/1984,2
12/28/1984,0
12/29/1984,0
12/30/1984,0
12/31/1984,0
1/1/1985,0
1/2/1985,0
1/3/1985,M
1/4/1985,M
1/5/1985,0
1/6/1985,M
1/7/1985,M
1/8/1985,2
1/9/1985,5
1/10/1985,M
1/11/1985,6
1/12/1985,8
1/13/1985,8
1/14/1985,8
1/15/1985,15
1/16/1985,15
1/17/1985,13
1/18/1985,14
1/19/1985,15
1/20/1985,12
1/21/1985,12
1/22/1985,15
1/23/1985,15
1/24/1985,13
1/25/1985,15
1/26/1985,14
1/27/1985,12
1/28/1985,12
1/29/1985,14
1/30/1985,13
1/31/1985,13
2/1/1985,13
2/2/1985,13
2/3/1985,13
2/4/1985,12
2/5/1985,10
2/6/1985,12
2/7/1985,13
2/8/1985,15
2/9/1985,12
2/10/1985,9
2/11/1985,12
2/12/1985,13
2/13/1985,13
2/14/1985,18
2/15/1985,20
2/16/1985,20
2/17/1985,20
2/18/1985,12
2/19/1985,11
2/20/1985,5
2/21/1985,5
2/22/1985,2
2/23/1985,2
2/24/1985,M
2/25/1985,M
2/26/1985,M
2/27/1985,1
2/28/1985,1
3/1/1985,0
3/2/1985,0
3/3/1985,0
3/4/1985,2
3/5/1985,0
3/6/1985,M
3/7/1985,0
3/8/1985,0
3/9/1985,0
3/10/1985,0
3/11/1985,0
3/12/1985,0
3/13/1985,0
3/14/1985,0
3/15/1985,0
3/16/1985,0
3/17/1985,M
3/18/1985,M
3/19/1985,0
3/20/1985,0
3/21/1985,0
3/22/1985,0
3/23/1985,0
3/24/1985,0
3/25/1985,0
3/26/1985,0
3/27/1985,0
3/28/1985,0
3/29/1985,0
3/30/1985,0
3/31/1985,0
4/1/1985,0
4/2/1985,1
4/3/1985,1
4/4/1985,0
4/5/1985,0
4/6/1985,0
4/7/1985,0
4/8/1985,2
4/9/1985,4
4/10/1985,1
4/11/1985,0
4/12/1985,0
4/13/1985,0
4/14/1985,0
4/15/1985,0
4/16/1985,0
4/17/1985,0
4/18/1985,0
4/19/1985,0
4/20/1985,0
4/21/1985,0
4/22/1985,0
4/23/1985,0
4/24/1985,0
4/25/1985,0
4/26/1985,0
4/27/1985,0
4/28/1985,0
4/29/1985,0
4/30/1985,0
5/1/1985,0
5/2/1985,0
5/3/1985,0
5/4/1985,0
5/5/1985,0
5/6/1985,0
5/7/1985,0
5/8/1985,0
5/9/1985,0
5/10/1985,0
5/11/1985,0
5/12/1985,0
5/13/1985,0
5/14/1985,0
5/15/1985,0
5/16/1985,0
5/17/1985,0
5/18/1985,0
5/19/1985,0
5/20/1985,0
5/21/1985,0
5/22/1985,0
5/23/1985,0
5/24/1985,0
5/25/1985,0
5/26/1985,0
5/27/1985,0
5/28/1985,0
5/29/1985,0
5/30/1985,0
5/31/1985,0
6/1/1985,0
6/2/1985,0
6/3/1985,0
6/4/1985,0
6/5/1985,0
6/6/1985,0
6/7/1985,0
6/8/1985,0
6/9/1985,0
6/10/1985,0
6/11/1985,0
6/12/1985,0
6/13/1985,0
6/14/1985,0
6/15/1985,0
6/16/1985,0
6/17/1985,0
6/18/1985,0
6/19/1985,0
6/20/1985,0
6/21/1985,0
6/22/1985,0
6/23/1985,0
6/24/1985,0
6/25/1985,0
6/26/1985,0
6/27/1985,0
6/28/1985,0
6/29/1985,0
6/30/1985,0
7/1/1985,0
7/2/1985,0
7/3/1985,0
7/4/1985,0
7/5/1985,0
7/6/1985,0
7/7/1985,0
7/8/1985,0
7/9/1985,0
7/10/1985,0
7/11/1985,0
7/12/1985,0
7/13/1985,0
7/14/1985,0
7/15/1985,0
7/16/1985,0
7/17/1985,0
7/18/1985,0
7/19/1985,0
7/20/1985,0
7/21/1985,0
7/22/1985,0
7/23/1985,0
7/24/1985,0
7/25/1985,0
7/26/1985,0
7/27/1985,0
7/28/1985,0
7/29/1985,0
7/30/1985,0
7/31/1985,0
8/1/1985,0
8/2/1985,0
8/3/1985,0
8/4/1985,0
8/5/1985,0
8/6/1985,0
8/7/1985,0
8/8/1985,0
8/9/1985,0
8/10/1985,0
8/11/1985,0
8/12/1985,0
8/13/1985,0
8/14/1985,0
8/15/1985,0
8/16/1985,0
8/17/1985,0
8/18/1985,0
8/19/1985,0
8/20/1985,0
8/21/1985,0
8/22/1985,0
8/23/1985,0
8/24/1985,0
8/25/1985,0
8/26/1985,0
8/27/1985,0
8/28/1985,0
8/29/1985,0
8/30/1985,0
8/31/1985,0
9/1/1985,0
9/2/1985,0
9/3/1985,0
9/4/1985,0
9/5/1985,0
9/6/1985,0
9/7/1985,0
9/8/1985,0
9/9/1985,0
9/10/1985,0
9/11/1985,0
9/12/1985,0
9/13/1985,0
9/14/1985,0
9/15/1985,0
9/16/1985,0
9/17/1985,0
9/18/1985,0
9/19/1985,0
9/20/1985,0
9/21/1985,0
9/22/1985,0
9/23/1985,0
9/24/1985,0
9/25/1985,0
9/26/1985,0
9/27/1985,0
9/28/1985,0
9/29/1985,0
9/30/1985,0
10/1/1985,0
10/2/1985,0
10/3/1985,0
10/4/1985,0
10/5/1985,0
10/6/1985,0
10/7/1985,0
10/8/1985,0
10/9/1985,0
10/10/1985,0
10/11/1985,0
10/12/1985,0
10/13/1985,0
10/14/1985,0
10/15/1985,0
10/16/1985,0
10/17/1985,0
10/18/1985,0
10/19/1985,0
10/20/1985,0
10/21/1985,0
10/22/1985,0
10/23/1985,0
10/24/1985,0
10/25/1985,0
10/26/1985,0
10/27/1985,0
10/28/1985,0
10/29/1985,0
10/30/1985,0
10/31/1985,0
11/1/1985,0
11/2/1985,0
11/3/1985,0
11/4/1985,0
11/5/1985,0
11/6/1985,0
11/7/1985,0
11/8/1985,0
11/9/1985,0
11/10/1985,0
11/11/1985,0
11/12/1985,0
11/13/1985,0
11/14/1985,0
11/15/1985,0
11/16/1985,0
11/17/1985,0
11/18/1985,0
11/19/1985,0
11/20/1985,0
11/21/1985,0
11/22/1985,0
11/23/1985,0
11/24/1985,0
11/25/1985,0
11/26/1985,0
11/27/1985,0
11/28/1985,0
11/29/1985,0
11/30/1985,0
12/1/1985,0
12/2/1985,M
12/3/1985,4
12/4/1985,3
12/5/1985,3
12/6/1985,4
12/7/1985,2
12/8/1985,1
12/9/1985,0
12/10/1985,0
12/11/1985,0
12/12/1985,0
12/13/1985,M
12/14/1985,3
12/15/1985,4
12/16/1985,3
12/17/1985,9
12/18/1985,10
12/19/1985,8
12/20/1985,7
12/21/1985,12
12/22/1985,9
12/23/1985,7
12/24/1985,7
12/25/1985,9
12/26/1985,10
12/27/1985,12
12/28/1985,10
12/29/1985,8
12/30/1985,7
12/31/1985,6
1/1/1986,6
1/2/1986,5
1/3/1986,3
1/4/1986,4
1/5/1986,8
1/6/1986,9
1/7/1986,7
1/8/1986,6
1/9/1986,6
1/10/1986,5
1/11/1986,5
1/12/1986,3
1/13/1986,8
1/14/1986,10
1/15/1986,10
1/16/1986,7
1/17/1986,5
1/18/1986,3
1/19/1986,M
1/20/1986,M
1/21/1986,M
1/22/1986,M
1/23/1986,M
1/24/1986,M
1/25/1986,M
1/26/1986,M
1/27/1986,10
1/28/1986,11
1/29/1986,M
1/30/1986,M
1/31/1986,M
2/1/1986,5
2/2/1986,M
2/3/1986,M
2/4/1986,M
2/5/1986,M
2/6/1986,0
2/7/1986,2
2/8/1986,4
2/9/1986,4
2/10/1986,4
2/11/1986,4
2/12/1986,4
2/13/1986,5
2/14/1986,4
2/15/1986,5
2/16/1986,5
2/17/1986,4
2/18/1986,M
2/19/1986,M
2/20/1986,0
2/21/1986,1
2/22/1986,2
2/23/1986,M
2/24/1986,M
2/25/1986,M
2/26/1986,M
2/27/1986,2
2/28/1986,2
3/1/1986,M
3/2/1986,M
3/3/1986,1
3/4/1986,M
3/5/1986,M
3/6/1986,4
3/7/1986,7
3/8/1986,6
3/9/1986,5
3/10/1986,M
3/11/1986,M
3/12/1986,0
3/13/1986,1
3/14/1986,0
3/15/1986,0
3/16/1986,0
3/17/1986,0
3/18/1986,0
3/19/1986,0
3/20/1986,M
3/21/1986,M
3/22/1986,0
3/23/1986,0
3/24/1986,0
3/25/1986,0
3/26/1986,0
3/27/1986,0
3/28/1986,0
3/29/1986,0
3/30/1986,0
3/31/1986,0
4/1/1986,0
4/2/1986,0
4/3/1986,0
4/4/1986,0
4/5/1986,0
4/6/1986,0
4/7/1986,0
4/8/1986,0
4/9/1986,0
4/10/1986,2
4/11/1986,4
4/12/1986,M
4/13/1986,M
4/14/1986,0
4/15/1986,0
4/16/1986,0
4/17/1986,0
4/18/1986,0
4/19/1986,0
4/20/1986,0
4/21/1986,0
4/22/1986,0
4/23/1986,0
4/24/1986,0
4/25/1986,0
4/26/1986,0
4/27/1986,0
4/28/1986,0
4/29/1986,0
4/30/1986,0
5/1/1986,0
5/2/1986,0
5/3/1986,0
5/4/1986,0
5/5/1986,0
5/6/1986,0
5/7/1986,0
5/8/1986,0
5/9/1986,0
5/10/1986,0
5/11/1986,0
5/12/1986,0
5/13/1986,0
5/14/1986,0
5/15/1986,0
5/16/1986,0
5/17/1986,0
5/18/1986,0
5/19/1986,0
5/20/1986,0
5/21/1986,0
5/22/1986,0
5/23/1986,0
5/24/1986,0
5/25/1986,0
5/26/1986,0
5/27/1986,0
5/28/1986,0
5/29/1986,0
5/30/1986,0
5/31/1986,0
6/1/1986,0
6/2/1986,0
6/3/1986,0
6/4/1986,0
6/5/1986,0
6/6/1986,0
6/7/1986,0
6/8/1986,0
6/9/1986,0
6/10/1986,0
6/11/1986,0
6/12/1986,0
6/13/1986,0
6/14/1986,0
6/15/1986,0
6/16/1986,0
6/17/1986,0
6/18/1986,0
6/19/1986,0
6/20/1986,0
6/21/1986,0
6/22/1986,0
6/23/1986,0
6/24/1986,0
6/25/1986,0
6/26/1986,0
6/27/1986,0
6/28/1986,0
6/29/1986,0
6/30/1986,0
7/1/1986,0
7/2/1986,0
7/3/1986,0
7/4/1986,0
7/5/1986,0
7/6/1986,0
7/7/1986,0
7/8/1986,0
7/9/1986,0
7/10/1986,0
7/11/1986,0
7/12/1986,0
7/13/1986,0
7/14/1986,0
7/15/1986,0
7/16/1986,0
7/17/1986,0
7/18/1986,0
7/19/1986,0
7/20/1986,0
7/21/1986,0
7/22/1986,0
7/23/1986,0
7/24/1986,0
7/25/1986,0
7/26/1986,0
7/27/1986,0
7/28/1986,0
7/29/1986,0
7/30/1986,0
7/31/1986,0
8/1/1986,0
8/2/1986,0
8/3/1986,0
8/4/1986,0
8/5/1986,0
8/6/1986,0
8/7/1986,0
8/8/1986,0
8/9/1986,0
8/10/1986,0
8/11/1986,0
8/12/1986,0
8/13/1986,0
8/14/1986,0
8/15/1986,0
8/16/1986,0
8/17/1986,0
8/18/1986,0
8/19/1986,0
8/20/1986,0
8/21/1986,0
8/22/1986,0
8/23/1986,0
8/24/1986,0
8/25/1986,0
8/26/1986,0
8/27/1986,0
8/28/1986,0
8/29/1986,0
8/30/1986,0
8/31/1986,0
9/1/1986,0
9/2/1986,0
9/3/1986,0
9/4/1986,0
9/5/1986,0
9/6/1986,0
9/7/1986,0
9/8/1986,0
9/9/1986,0
9/10/1986,0
9/11/1986,0
9/12/1986,0
9/13/1986,0
9/14/1986,0
9/15/1986,0
9/16/1986,0
9/17/1986,0
9/18/1986,0
9/19/1986,0
9/20/1986,0
9/21/1986,0
9/22/1986,0
9/23/1986,0
9/24/1986,0
9/25/1986,0
9/26/1986,0
9/27/1986,0
9/28/1986,0
9/29/1986,0
9/30/1986,0
10/1/1986,0
10/2/1986,0
10/3/1986,0
10/4/1986,0
10/5/1986,0
10/6/1986,0
10/7/1986,0
10/8/1986,0
10/9/1986,0
10/10/1986,0
10/11/1986,0
10/12/1986,0
10/13/1986,0
10/14/1986,0
10/15/1986,0
10/16/1986,0
10/17/1986,0
10/18/1986,0
10/19/1986,0
10/20/1986,M
10/21/1986,M
10/22/1986,M
10/23/1986,M
10/24/1986,M
10/25/1986,M
10/26/1986,M
10/27/1986,M
10/28/1986,M
10/29/1986,M
10/30/1986,M
10/31/1986,M
11/1/1986,0
11/2/1986,0
11/3/1986,0
11/4/1986,0
11/5/1986,0
11/6/1986,0
11/7/1986,0
11/8/1986,0
11/9/1986,0
11/10/1986,0
11/11/1986,M
11/12/1986,0
11/13/1986,4
11/14/1986,7
11/15/1986,3
11/16/1986,M
11/17/1986,0
11/18/1986,0
11/19/1986,M
11/20/1986,0
11/21/1986,M
11/22/1986,M
11/23/1986,M
11/24/1986,0
11/25/1986,0
11/26/1986,0
11/27/1986,0
11/28/1986,0
11/29/1986,0
11/30/1986,0
12/1/1986,0
12/2/1986,0
12/3/1986,0
12/4/1986,0
12/5/1986,2
12/6/1986,1
12/7/1986,1
12/8/1986,0
12/9/1986,0
12/10/1986,0
12/11/1986,M
12/12/1986,0
12/13/1986,3
12/14/1986,2
12/15/1986,2
12/16/1986,M
12/17/1986,M
12/18/1986,M
12/19/1986,M
12/20/1986,M
12/21/1986,M
12/22/1986,M
12/23/1986,M
12/24/1986,M
12/25/1986,0
12/26/1986,0
12/27/1986,0
12/28/1986,0
12/29/1986,0
12/30/1986,0
12/31/1986,M
1/1/1987,M
1/2/1987,5
1/3/1987,5
1/4/1987,4
1/5/1987,4
1/6/1987,4
1/7/1987,2
1/8/1987,2
1/9/1987,2
1/10/1987,2
1/11/1987,3
1/12/1987,3
1/13/1987,3
1/14/1987,3
1/15/1987,1
1/16/1987,1
1/17/1987,1
1/18/1987,1
1/19/1987,1
1/20/1987,4
1/21/1987,4
1/22/1987,4
1/23/1987,6
1/24/1987,7
1/25/1987,8
1/26/1987,8
1/27/1987,8
1/28/1987,8
1/29/1987,9
1/30/1987,11
1/31/1987,7
2/1/1987,7
2/2/1987,6
2/3/1987,6
2/4/1987,6
2/5/1987,6
2/6/1987,6
2/7/1987,5
2/8/1987,4
2/9/1987,11
2/10/1987,11
2/11/1987,11
2/12/1987,8
2/13/1987,8
2/14/1987,8
2/15/1987,8
2/16/1987,8
2/17/1987,8
2/18/1987,6
2/19/1987,6
2/20/1987,5
2/21/1987,5
2/22/1987,5
2/23/1987,5
2/24/1987,5
2/25/1987,5
2/26/1987,4
2/27/1987,3
2/28/1987,3
3/1/1987,2
3/2/1987,1
3/3/1987,2
3/4/1987,2
3/5/1987,2
3/6/1987,M
3/7/1987,M
3/8/1987,0
3/9/1987,0
3/10/1987,1
3/11/1987,M
3/12/1987,M
3/13/1987,0
3/14/1987,2
3/15/1987,6
3/16/1987,4
3/17/1987,3
3/18/1987,3
3/19/1987,M
3/20/1987,0
3/21/1987,0
3/22/1987,0
3/23/1987,0
3/24/1987,0
3/25/1987,0
3/26/1987,0
3/27/1987,0
3/28/1987,0
3/29/1987,0
3/30/1987,0
3/31/1987,14
4/1/1987,11
4/2/1987,8
4/3/1987,10
4/4/1987,12
4/5/1987,10
4/6/1987,5
4/7/1987,4
4/8/1987,M
4/9/1987,0
4/10/1987,0
4/11/1987,0
4/12/1987,0
4/13/1987,0
4/14/1987,0
4/15/1987,0
4/16/1987,0
4/17/1987,0
4/18/1987,0
4/19/1987,0
4/20/1987,0
4/21/1987,0
4/22/1987,0
4/23/1987,0
4/24/1987,0
4/25/1987,0
4/26/1987,0
4/27/1987,0
4/28/1987,0
4/29/1987,0
4/30/1987,0
5/1/1987,0
5/2/1987,0
5/3/1987,0
5/4/1987,0
5/5/1987,0
5/6/1987,0
5/7/1987,0
5/8/1987,0
5/9/1987,0
5/10/1987,0
5/11/1987,0
5/12/1987,0
5/13/1987,0
5/14/1987,0
5/15/1987,0
5/16/1987,0
5/17/1987,0
5/18/1987,0
5/19/1987,0
5/20/1987,0
5/21/1987,0
5/22/1987,0
5/23/1987,0
5/24/1987,0
5/25/1987,0
5/26/1987,0
5/27/1987,0
5/28/1987,0
5/29/1987,0
5/30/1987,0
5/31/1987,0
6/1/1987,0
6/2/1987,0
6/3/1987,0
6/4/1987,0
6/5/1987,0
6/6/1987,0
6/7/1987,0
6/8/1987,0
6/9/1987,0
6/10/1987,0
6/11/1987,0
6/12/1987,0
6/13/1987,0
6/14/1987,0
6/15/1987,0
6/16/1987,0
6/17/1987,0
6/18/1987,0
6/19/1987,0
6/20/1987,0
6/21/1987,0
6/22/1987,0
6/23/1987,0
6/24/1987,0
6/25/1987,0
6/26/1987,0
6/27/1987,0
6/28/1987,0
6/29/1987,0
6/30/1987,0
7/1/1987,0
7/2/1987,0
7/3/1987,0
7/4/1987,0
7/5/1987,0
7/6/1987,0
7/7/1987,0
7/8/1987,0
7/9/1987,0
7/10/1987,0
7/11/1987,0
7/12/1987,0
7/13/1987,0
7/14/1987,0
7/15/1987,0
7/16/1987,0
7/17/1987,0
7/18/1987,0
7/19/1987,0
7/20/1987,0
7/21/1987,0
7/22/1987,0
7/23/1987,0
7/24/1987,0
7/25/1987,0
7/26/1987,0
7/27/1987,0
7/28/1987,0
7/29/1987,0
7/30/1987,0
7/31/1987,0
8/1/1987,0
8/2/1987,0
8/3/1987,0
8/4/1987,0
8/5/1987,0
8/6/1987,0
8/7/1987,0
8/8/1987,0
8/9/1987,0
8/10/1987,0
8/11/1987,0
8/12/1987,0
8/13/1987,0
8/14/1987,0
8/15/1987,0
8/16/1987,0
8/17/1987,0
8/18/1987,0
8/19/1987,0
8/20/1987,0
8/21/1987,0
8/22/1987,0
8/23/1987,0
8/24/1987,0
8/25/1987,0
8/26/1987,0
8/27/1987,0
8/28/1987,0
8/29/1987,0
8/30/1987,0
8/31/1987,0
9/1/1987,0
9/2/1987,0
9/3/1987,0
9/4/1987,0
9/5/1987,0
9/6/1987,0
9/7/1987,0
9/8/1987,0
9/9/1987,0
9/10/1987,0
9/11/1987,0
9/12/1987,0
9/13/1987,0
9/14/1987,0
9/15/1987,0
9/16/1987,0
9/17/1987,0
9/18/1987,0
9/19/1987,0
9/20/1987,0
9/21/1987,0
9/22/1987,0
9/23/1987,0
9/24/1987,0
9/25/1987,0
9/26/1987,0
9/27/1987,0
9/28/1987,0
9/29/1987,0
9/30/1987,0
10/1/1987,0
10/2/1987,0
10/3/1987,0
10/4/1987,0
10/5/1987,0
10/6/1987,0
10/7/1987,0
10/8/1987,0
10/9/1987,0
10/10/1987,0
10/11/1987,0
10/12/1987,0
10/13/1987,0
10/14/1987,0
10/15/1987,0
10/16/1987,0
10/17/1987,0
10/18/1987,0
10/19/1987,0
10/20/1987,0
10/21/1987,0
10/22/1987,2
10/23/1987,0
10/24/1987,0
10/25/1987,0
10/26/1987,0
10/27/1987,0
10/28/1987,0
10/29/1987,0
10/30/1987,0
10/31/1987,0
11/1/1987,0
11/2/1987,0
11/3/1987,0
11/4/1987,0
11/5/1987,0
11/6/1987,0
11/7/1987,0
11/8/1987,0
11/9/1987,0
11/10/1987,0
11/11/1987,0
11/12/1987,0
11/13/1987,0
11/14/1987,0
11/15/1987,0
11/16/1987,0
11/17/1987,0
11/18/1987,0
11/19/1987,0
11/20/1987,0
11/21/1987,2
11/22/1987,1
11/23/1987,0
11/24/1987,0
11/25/1987,0
11/26/1987,0
11/27/1987,0
11/28/1987,0
11/29/1987,0
11/30/1987,0
12/1/1987,0
12/2/1987,4
12/3/1987,4
12/4/1987,7
12/5/1987,8
12/6/1987,8
12/7/1987,5
12/8/1987,4
12/9/1987,M
12/10/1987,0
12/11/1987,0
12/12/1987,0
12/13/1987,1
12/14/1987,0
12/15/1987,2
12/16/1987,2
12/17/1987,5
12/18/1987,4
12/19/1987,3
12/20/1987,M
12/21/1987,M
12/22/1987,M
12/23/1987,M
12/24/1987,0
12/25/1987,0
12/26/1987,0
12/27/1987,0
12/28/1987,0
12/29/1987,2
12/30/1987,3
12/31/1987,3
1/1/1988,2
1/2/1988,2
1/3/1988,2
1/4/1988,2
1/5/1988,4
1/6/1988,9
1/7/1988,9
1/8/1988,9
1/9/1988,9
1/10/1988,7
1/11/1988,7
1/12/1988,7
1/13/1988,6
1/14/1988,8
1/15/1988,8
1/16/1988,8
1/17/1988,5
1/18/1988,M
1/19/1988,M
1/20/1988,0
1/21/1988,1
1/22/1988,2
1/23/1988,1
1/24/1988,1
1/25/1988,1
1/26/1988,2
1/27/1988,3
1/28/1988,3
1/29/1988,5
1/30/1988,M
1/31/1988,M
2/1/1988,0
2/2/1988,0
2/3/1988,M
2/4/1988,7
2/5/1988,7
2/6/1988,10
2/7/1988,8
2/8/1988,10
2/9/1988,8
2/10/1988,8
2/11/1988,8
2/12/1988,8
2/13/1988,14
2/14/1988,15
2/15/1988,8
2/16/1988,5
2/17/1988,5
2/18/1988,3
2/19/1988,2
2/20/1988,2
2/21/1988,3
2/22/1988,M
2/23/1988,0
2/24/1988,1
2/25/1988,6
2/26/1988,7
2/27/1988,3
2/28/1988,4
2/29/1988,3
3/1/1988,3
3/2/1988,3
3/3/1988,M
3/4/1988,5
3/5/1988,4
3/6/1988,2
3/7/1988,M
3/8/1988,0
3/9/1988,0
3/10/1988,0
3/11/1988,0
3/12/1988,0
3/13/1988,0
3/14/1988,5
3/15/1988,8
3/16/1988,8
3/17/1988,5
3/18/1988,4
3/19/1988,4
3/20/1988,9
3/21/1988,9
3/22/1988,5
3/23/1988,4
3/24/1988,0
3/25/1988,M
3/26/1988,M
3/27/1988,M
3/28/1988,M
3/29/1988,M
3/30/1988,M
3/31/1988,M
4/1/1988,0
4/2/1988,0
4/3/1988,0
4/4/1988,0
4/5/1988,0
4/6/1988,0
4/7/1988,0
4/8/1988,0
4/9/1988,0
4/10/1988,0
4/11/1988,0
4/12/1988,0
4/13/1988,0
4/14/1988,0
4/15/1988,0
4/16/1988,0
4/17/1988,0
4/18/1988,0
4/19/1988,0
4/20/1988,0
4/21/1988,0
4/22/1988,0
4/23/1988,0
4/24/1988,0
4/25/1988,0
4/26/1988,0
4/27/1988,0
4/28/1988,0
4/29/1988,0
4/30/1988,0
5/1/1988,0
5/2/1988,0
5/3/1988,0
5/4/1988,0
5/5/1988,0
5/6/1988,0
5/7/1988,0
5/8/1988,0
5/9/1988,0
5/10/1988,0
5/11/1988,0
5/12/1988,0
5/13/1988,0
5/14/1988,0
5/15/1988,0
5/16/1988,0
5/17/1988,0
5/18/1988,0
5/19/1988,0
5/20/1988,0
5/21/1988,0
5/22/1988,0
5/23/1988,0
5/24/1988,0
5/25/1988,0
5/26/1988,0
5/27/1988,0
5/28/1988,0
5/29/1988,0
5/30/1988,0
5/31/1988,0
6/1/1988,0
6/2/1988,0
6/3/1988,0
6/4/1988,0
6/5/1988,0
6/6/1988,0
6/7/1988,0
6/8/1988,0
6/9/1988,0
6/10/1988,0
6/11/1988,0
6/12/1988,0
6/13/1988,0
6/14/1988,0
6/15/1988,0
6/16/1988,0
6/17/1988,0
6/18/1988,0
6/19/1988,0
6/20/1988,0
6/21/1988,0
6/22/1988,0
6/23/1988,0
6/24/1988,0
6/25/1988,0
6/26/1988,0
6/27/1988,0
6/28/1988,0
6/29/1988,0
6/30/1988,0
7/1/1988,0
7/2/1988,0
7/3/1988,0
7/4/1988,0
7/5/1988,0
7/6/1988,0
7/7/1988,0
7/8/1988,0
7/9/1988,0
7/10/1988,0
7/11/1988,0
7/12/1988,0
7/13/1988,0
7/14/1988,0
7/15/1988,0
7/16/1988,0
7/17/1988,0
7/18/1988,0
7/19/1988,0
7/20/1988,0
7/21/1988,0
7/22/1988,0
7/23/1988,0
7/24/1988,0
7/25/1988,0
7/26/1988,0
7/27/1988,0
7/28/1988,0
7/29/1988,0
7/30/1988,0
7/31/1988,0
8/1/1988,0
8/2/1988,0
8/3/1988,0
8/4/1988,0
8/5/1988,0
8/6/1988,0
8/7/1988,0
8/8/1988,0
8/9/1988,0
8/10/1988,0
8/11/1988,0
8/12/1988,0
8/13/1988,0
8/14/1988,0
8/15/1988,0
8/16/1988,0
8/17/1988,0
8/18/1988,0
8/19/1988,0
8/20/1988,0
8/21/1988,0
8/22/1988,0
8/23/1988,0
8/24/1988,0
8/25/1988,0
8/26/1988,0
8/27/1988,0
8/28/1988,0
8/29/1988,0
8/30/1988,0
8/31/1988,0
9/1/1988,0
9/2/1988,0
9/3/1988,0
9/4/1988,0
9/5/1988,0
9/6/1988,0
9/7/1988,0
9/8/1988,0
9/9/1988,0
9/10/1988,0
9/11/1988,0
9/12/1988,0
9/13/1988,0
9/14/1988,0
9/15/1988,0
9/16/1988,0
9/17/1988,0
9/18/1988,0
9/19/1988,0
9/20/1988,0
9/21/1988,0
9/22/1988,0
9/23/1988,0
9/24/1988,0
9/25/1988,0
9/26/1988,0
9/27/1988,0
9/28/1988,0
9/29/1988,0
9/30/1988,0
10/1/1988,0
10/2/1988,0
10/3/1988,0
10/4/1988,0
10/5/1988,0
10/6/1988,0
10/7/1988,0
10/8/1988,0
10/9/1988,0
10/10/1988,0
10/11/1988,0
10/12/1988,1
10/13/1988,0
10/14/1988,0
10/15/1988,0
10/16/1988,0
10/17/1988,0
10/18/1988,0
10/19/1988,0
10/20/1988,0
10/21/1988,0
10/22/1988,0
10/23/1988,0
10/24/1988,0
10/25/1988,0
10/26/1988,7
10/27/1988,3
10/28/1988,M
10/29/1988,0
10/30/1988,0
10/31/1988,0
11/1/1988,0
11/2/1988,0
11/3/1988,0
11/4/1988,0
11/5/1988,0
11/6/1988,0
11/7/1988,2
11/8/1988,0
11/9/1988,0
11/10/1988,0
11/11/1988,0
11/12/1988,0
11/13/1988,0
11/14/1988,0
11/15/1988,0
11/16/1988,0
11/17/1988,0
11/18/1988,0
11/19/1988,0
11/20/1988,0
11/21/1988,0
11/22/1988,0
11/23/1988,0
11/24/1988,0
11/25/1988,0
11/26/1988,0
11/27/1988,0
11/28/1988,0
11/29/1988,M
11/30/1988,M
12/1/1988,1
12/2/1988,1
12/3/1988,0
12/4/1988,0
12/5/1988,0
12/6/1988,0
12/7/1988,0
12/8/1988,0
12/9/1988,0
12/10/1988,3
12/11/1988,6
12/12/1988,10
12/13/1988,9
12/14/1988,8
12/15/1988,2
12/16/1988,3
12/17/1988,3
12/18/1988,11
12/19/1988,8
12/20/1988,2
12/21/1988,M
12/22/1988,0
12/23/1988,0
12/24/1988,0
12/25/1988,0
12/26/1988,0
12/27/1988,1
12/28/1988,0
12/29/1988,3
12/30/1988,1
12/31/1988,0
1/1/1989,0
1/2/1989,0
1/3/1989,3
1/4/1989,6
1/5/1989,5
1/6/1989,4
1/7/1989,4
1/8/1989,0
1/9/1989,0
1/10/1989,0
1/11/1989,0
1/12/1989,0
1/13/1989,M
1/14/1989,0
1/15/1989,0
1/16/1989,0
1/17/1989,0
1/18/1989,0
1/19/1989,0
1/20/1989,0
1/21/1989,1
1/22/1989,M
1/23/1989,0
1/24/1989,0
1/25/1989,0
1/26/1989,0
1/27/1989,0
1/28/1989,0
1/29/1989,0
1/30/1989,0
1/31/1989,0
2/1/1989,0
2/2/1989,0
2/3/1989,1
2/4/1989,1
2/5/1989,3
2/6/1989,4
2/7/1989,6
2/8/1989,5
2/9/1989,10
2/10/1989,11
2/11/1989,4
2/12/1989,4
2/13/1989,3
2/14/1989,0
2/15/1989,0
2/16/1989,0
2/17/1989,0
2/18/1989,0
2/19/1989,0
2/20/1989,M
2/21/1989,0
2/22/1989,0
2/23/1989,1
2/24/1989,M
2/25/1989,M
2/26/1989,M
2/27/1989,2
2/28/1989,3
3/1/1989,5
3/2/1989,5
3/3/1989,4
3/4/1989,2
3/5/1989,M
3/6/1989,0
3/7/1989,0
3/8/1989,0
3/9/1989,0
3/10/1989,0
3/11/1989,0
3/12/1989,0
3/13/1989,0
3/14/1989,0
3/15/1989,0
3/16/1989,M
3/17/1989,0
3/18/1989,0
3/19/1989,2
3/20/1989,1
3/21/1989,2
3/22/1989,2
3/23/1989,1
3/24/1989,0
3/25/1989,0
3/26/1989,0
3/27/1989,0
3/28/1989,0
3/29/1989,0
3/30/1989,0
3/31/1989,0
4/1/1989,6
4/2/1989,4
4/3/1989,0
4/4/1989,0
4/5/1989,0
4/6/1989,0
4/7/1989,0
4/8/1989,0
4/9/1989,0
4/10/1989,3
4/11/1989,M
4/12/1989,0
4/13/1989,1
4/14/1989,0
4/15/1989,0
4/16/1989,0
4/17/1989,0
4/18/1989,0
4/19/1989,M
4/20/1989,0
4/21/1989,0
4/22/1989,0
4/23/1989,0
4/24/1989,0
4/25/1989,0
4/26/1989,0
4/27/1989,0
4/28/1989,0
4/29/1989,0
4/30/1989,0
5/1/1989,0
5/2/1989,0
5/3/1989,0
5/4/1989,0
5/5/1989,0
5/6/1989,0
5/7/1989,0
5/8/1989,0
5/9/1989,0
5/10/1989,0
5/11/1989,0
5/12/1989,0
5/13/1989,0
5/14/1989,0
5/15/1989,0
5/16/1989,0
5/17/1989,0
5/18/1989,0
5/19/1989,0
5/20/1989,0
5/21/1989,0
5/22/1989,0
5/23/1989,0
5/24/1989,0
5/25/1989,0
5/26/1989,0
5/27/1989,0
5/28/1989,0
5/29/1989,0
5/30/1989,0
5/31/1989,0
6/1/1989,0
6/2/1989,0
6/3/1989,0
6/4/1989,0
6/5/1989,0
6/6/1989,0
6/7/1989,0
6/8/1989,0
6/9/1989,0
6/10/1989,0
6/11/1989,0
6/12/1989,0
6/13/1989,0
6/14/1989,0
6/15/1989,0
6/16/1989,0
6/17/1989,0
6/18/1989,0
6/19/1989,0
6/20/1989,0
6/21/1989,0
6/22/1989,0
6/23/1989,0
6/24/1989,0
6/25/1989,0
6/26/1989,0
6/27/1989,0
6/28/1989,0
6/29/1989,0
6/30/1989,0
7/1/1989,0
7/2/1989,0
7/3/1989,0
7/4/1989,0
7/5/1989,0
7/6/1989,0
7/7/1989,0
7/8/1989,0
7/9/1989,0
7/10/1989,0
7/11/1989,0
7/12/1989,0
7/13/1989,0
7/14/1989,0
7/15/1989,0
7/16/1989,0
7/17/1989,0
7/18/1989,0
7/19/1989,0
7/20/1989,0
7/21/1989,0
7/22/1989,0
7/23/1989,0
7/24/1989,0
7/25/1989,0
7/26/1989,0
7/27/1989,0
7/28/1989,0
7/29/1989,0
7/30/1989,0
7/31/1989,0
8/1/1989,0
8/2/1989,0
8/3/1989,0
8/4/1989,0
8/5/1989,0
8/6/1989,0
8/7/1989,0
8/8/1989,0
8/9/1989,0
8/10/1989,0
8/11/1989,0
8/12/1989,0
8/13/1989,0
8/14/1989,0
8/15/1989,0
8/16/1989,0
8/17/1989,0
8/18/1989,0
8/19/1989,0
8/20/1989,0
8/21/1989,0
8/22/1989,0
8/23/1989,0
8/24/1989,0
8/25/1989,0
8/26/1989,0
8/27/1989,0
8/28/1989,0
8/29/1989,0
8/30/1989,0
8/31/1989,0
9/1/1989,0
9/2/1989,0
9/3/1989,0
9/4/1989,0
9/5/1989,0
9/6/1989,0
9/7/1989,0
9/8/1989,0
9/9/1989,0
9/10/1989,0
9/11/1989,0
9/12/1989,0
9/13/1989,0
9/14/1989,0
9/15/1989,0
9/16/1989,0
9/17/1989,0
9/18/1989,0
9/19/1989,0
9/20/1989,0
9/21/1989,0
9/22/1989,0
9/23/1989,0
9/24/1989,0
9/25/1989,0
9/26/1989,0
9/27/1989,0
9/28/1989,0
9/29/1989,0
9/30/1989,0
10/1/1989,0
10/2/1989,0
10/3/1989,0
10/4/1989,0
10/5/1989,0
10/6/1989,0
10/7/1989,0
10/8/1989,0
10/9/1989,0
10/10/1989,0
10/11/1989,0
10/12/1989,0
10/13/1989,0
10/14/1989,0
10/15/1989,0
10/16/1989,0
10/17/1989,0
10/18/1989,0
10/19/1989,1
10/20/1989,0
10/21/1989,0
10/22/1989,0
10/23/1989,0
10/24/1989,0
10/25/1989,0
10/26/1989,0
10/27/1989,0
10/28/1989,0
10/29/1989,0
10/30/1989,0
10/31/1989,0
11/1/1989,0
11/2/1989,0
11/3/1989,M
11/4/1989,0
11/5/1989,0
11/6/1989,0
11/7/1989,0
11/8/1989,0
11/9/1989,0
11/10/1989,0
11/11/1989,0
11/12/1989,0
11/13/1989,0
11/14/1989,0
11/15/1989,0
11/16/1989,M
11/17/1989,M
11/18/1989,1
11/19/1989,12
11/20/1989,6
11/21/1989,M
11/22/1989,0
11/23/1989,3
11/24/1989,4
11/25/1989,M
11/26/1989,0
11/27/1989,0
11/28/1989,0
11/29/1989,M
11/30/1989,M
12/1/1989,M
12/2/1989,M
12/3/1989,4
12/4/1989,5
12/5/1989,6
12/6/1989,6
12/7/1989,4
12/8/1989,3
12/9/1989,3
12/10/1989,3
12/11/1989,4
12/12/1989,5
12/13/1989,4
12/14/1989,6
12/15/1989,5
12/16/1989,18
12/17/1989,M
12/18/1989,11
12/19/1989,10
12/20/1989,12
12/21/1989,13
12/22/1989,15
12/23/1989,14
12/24/1989,13
12/25/1989,12
12/26/1989,13
12/27/1989,13
12/28/1989,12
12/29/1989,8
12/30/1989,7
12/31/1989,5
1/1/1990,3
1/2/1990,3
1/3/1990,3
1/4/1990,3
1/5/1990,M
1/6/1990,M
1/7/1990,M
1/8/1990,M
1/9/1990,M
1/10/1990,1
1/11/1990,1
1/12/1990,3
1/13/1990,4
1/14/1990,M
1/15/1990,M
1/16/1990,M
1/17/1990,0
1/18/1990,0
1/19/1990,0
1/20/1990,M
1/21/1990,M
1/22/1990,M
1/23/1990,0
1/24/1990,0
1/25/1990,0
1/26/1990,0
1/27/1990,1
1/28/1990,0
1/29/1990,2
1/30/1990,5
1/31/1990,4
2/1/1990,3
2/2/1990,0
2/3/1990,0
2/4/1990,2
2/5/1990,1
2/6/1990,1
2/7/1990,0
2/8/1990,0
2/9/1990,0
2/10/1990,0
2/11/1990,0
2/12/1990,0
2/13/1990,0
2/14/1990,M
2/15/1990,1
2/16/1990,0
2/17/1990,2
2/18/1990,2
2/19/1990,0
2/20/1990,0
2/21/1990,0
2/22/1990,0
2/23/1990,0
2/24/1990,1
2/25/1990,5
2/26/1990,5
2/27/1990,4
2/28/1990,4
3/1/1990,3
3/2/1990,2
3/3/1990,2
3/4/1990,3
3/5/1990,3
3/6/1990,2
3/7/1990,1
3/8/1990,1
3/9/1990,0
3/10/1990,0
3/11/1990,0
3/12/1990,0
3/13/1990,0
3/14/1990,0
3/15/1990,0
3/16/1990,0
3/17/1990,0
3/18/1990,0
3/19/1990,0
3/20/1990,M
3/21/1990,0
3/22/1990,0
3/23/1990,0
3/24/1990,0
3/25/1990,0
3/26/1990,0
3/27/1990,0
3/28/1990,0
3/29/1990,0
3/30/1990,0
3/31/1990,0
4/1/1990,0
4/2/1990,0
4/3/1990,0
4/4/1990,3
4/5/1990,0
4/6/1990,0
4/7/1990,2
4/8/1990,0
4/9/1990,0
4/10/1990,0
4/11/1990,1
4/12/1990,2
4/13/1990,0
4/14/1990,0
4/15/1990,0
4/16/1990,0
4/17/1990,0
4/18/1990,0
4/19/1990,0
4/20/1990,0
4/21/1990,0
4/22/1990,0
4/23/1990,0
4/24/1990,0
4/25/1990,0
4/26/1990,0
4/27/1990,0
4/28/1990,0
4/29/1990,0
4/30/1990,0
5/1/1990,0
5/2/1990,0
5/3/1990,0
5/4/1990,0
5/5/1990,0
5/6/1990,0
5/7/1990,0
5/8/1990,0
5/9/1990,0
5/10/1990,0
5/11/1990,0
5/12/1990,0
5/13/1990,0
5/14/1990,0
5/15/1990,0
5/16/1990,0
5/17/1990,0
5/18/1990,0
5/19/1990,0
5/20/1990,0
5/21/1990,0
5/22/1990,0
5/23/1990,0
5/24/1990,0
5/25/1990,0
5/26/1990,0
5/27/1990,0
5/28/1990,0
5/29/1990,0
5/30/1990,0
5/31/1990,0
6/1/1990,0
6/2/1990,0
6/3/1990,0
6/4/1990,0
6/5/1990,0
6/6/1990,0
6/7/1990,0
6/8/1990,0
6/9/1990,0
6/10/1990,0
6/11/1990,0
6/12/1990,0
6/13/1990,0
6/14/1990,0
6/15/1990,0
6/16/1990,0
6/17/1990,0
6/18/1990,0
6/19/1990,0
6/20/1990,0
6/21/1990,0
6/22/1990,0
6/23/1990,0
6/24/1990,0
6/25/1990,0
6/26/1990,0
6/27/1990,0
6/28/1990,0
6/29/1990,0
6/30/1990,0
7/1/1990,0
7/2/1990,0
7/3/1990,0
7/4/1990,0
7/5/1990,0
7/6/1990,0
7/7/1990,0
7/8/1990,0
7/9/1990,0
7/10/1990,0
7/11/1990,0
7/12/1990,0
7/13/1990,0
7/14/1990,0
7/15/1990,0
7/16/1990,0
7/17/1990,0
7/18/1990,0
7/19/1990,0
7/20/1990,0
7/21/1990,0
7/22/1990,0
7/23/1990,0
7/24/1990,0
7/25/1990,0
7/26/1990,0
7/27/1990,0
7/28/1990,0
7/29/1990,0
7/30/1990,0
7/31/1990,0
8/1/1990,0
8/2/1990,0
8/3/1990,0
8/4/1990,0
8/5/1990,0
8/6/1990,0
8/7/1990,0
8/8/1990,0
8/9/1990,0
8/10/1990,0
8/11/1990,0
8/12/1990,0
8/13/1990,0
8/14/1990,0
8/15/1990,0
8/16/1990,0
8/17/1990,0
8/18/1990,0
8/19/1990,0
8/20/1990,0
8/21/1990,0
8/22/1990,0
8/23/1990,0
8/24/1990,0
8/25/1990,0
8/26/1990,0
8/27/1990,0
8/28/1990,0
8/29/1990,0
8/30/1990,0
8/31/1990,0
9/1/1990,0
9/2/1990,0
9/3/1990,0
9/4/1990,0
9/5/1990,0
9/6/1990,0
9/7/1990,0
9/8/1990,0
9/9/1990,0
9/10/1990,0
9/11/1990,0
9/12/1990,0
9/13/1990,0
9/14/1990,0
9/15/1990,0
9/16/1990,0
9/17/1990,0
9/18/1990,0
9/19/1990,0
9/20/1990,0
9/21/1990,0
9/22/1990,0
9/23/1990,0
9/24/1990,0
9/25/1990,0
9/26/1990,0
9/27/1990,0
9/28/1990,0
9/29/1990,0
9/30/1990,0
10/1/1990,0
10/2/1990,0
10/3/1990,0
10/4/1990,0
10/5/1990,0
10/6/1990,0
10/7/1990,0
10/8/1990,0
10/9/1990,0
10/10/1990,0
10/11/1990,0
10/12/1990,0
10/13/1990,0
10/14/1990,0
10/15/1990,0
10/16/1990,0
10/17/1990,0
10/18/1990,0
10/19/1990,0
10/20/1990,0
10/21/1990,0
10/22/1990,0
10/23/1990,0
10/24/1990,0
10/25/1990,0
10/26/1990,0
10/27/1990,0
10/28/1990,0
10/29/1990,0
10/30/1990,0
10/31/1990,0
11/1/1990,0
11/2/1990,0
11/3/1990,0
11/4/1990,0
11/5/1990,0
11/6/1990,0
11/7/1990,0
11/8/1990,0
11/9/1990,0
11/10/1990,0
11/11/1990,0
11/12/1990,0
11/13/1990,0
11/14/1990,0
11/15/1990,0
11/16/1990,0
11/17/1990,0
11/18/1990,0
11/19/1990,0
11/20/1990,0
11/21/1990,0
11/22/1990,0
11/23/1990,0
11/24/1990,2
11/25/1990,0
11/26/1990,0
11/27/1990,0
11/28/1990,0
11/29/1990,0
11/30/1990,0
12/1/1990,0
12/2/1990,0
12/3/1990,1
12/4/1990,M
12/5/1990,5
12/6/1990,2
12/7/1990,M
12/8/1990,M
12/9/1990,M
12/10/1990,0
12/11/1990,0
12/12/1990,0
12/13/1990,0
12/14/1990,0
12/15/1990,0
12/16/1990,0
12/17/1990,0
12/18/1990,0
12/19/1990,0
12/20/1990,0
12/21/1990,0
12/22/1990,0
12/23/1990,0
12/24/1990,5
12/25/1990,5
12/26/1990,6
12/27/1990,4
12/28/1990,5
12/29/1990,M
12/30/1990,0
12/31/1990,M
1/1/1991,0
1/2/1991,0
1/3/1991,0
1/4/1991,1
1/5/1991,0
1/6/1991,M
1/7/1991,M
1/8/1991,M
1/9/1991,0
1/10/1991,0
1/11/1991,M
1/12/1991,M
1/13/1991,1
1/14/1991,M
1/15/1991,M
1/16/1991,0
1/17/1991,1
1/18/1991,2
1/19/1991,0
1/20/1991,0
1/21/1991,4
1/22/1991,5
1/23/1991,2
1/24/1991,2
1/25/1991,3
1/26/1991,3
1/27/1991,3
1/28/1991,3
1/29/1991,3
1/30/1991,7
1/31/1991,8
2/1/1991,6
2/2/1991,6
2/3/1991,5
2/4/1991,2
2/5/1991,0
2/6/1991,0
2/7/1991,0
2/8/1991,0
2/9/1991,0
2/10/1991,0
2/11/1991,0
2/12/1991,M
2/13/1991,0
2/14/1991,0
2/15/1991,9
2/16/1991,16
2/17/1991,20
2/18/1991,9
2/19/1991,3
2/20/1991,M
2/21/1991,M
2/22/1991,0
2/23/1991,M
2/24/1991,0
2/25/1991,0
2/26/1991,1
2/27/1991,4
2/28/1991,4
3/1/1991,2
3/2/1991,M
3/3/1991,0
3/4/1991,1
3/5/1991,1
3/6/1991,0
3/7/1991,0
3/8/1991,M
3/9/1991,M
3/10/1991,2
3/11/1991,1
3/12/1991,M
3/13/1991,M
3/14/1991,M
3/15/1991,0
3/16/1991,0
3/17/1991,0
3/18/1991,0
3/19/1991,1
3/20/1991,0
3/21/1991,0
3/22/1991,0
3/23/1991,0
3/24/1991,0
3/25/1991,0
3/26/1991,0
3/27/1991,0
3/28/1991,0
3/29/1991,0
3/30/1991,0
3/31/1991,0
4/1/1991,0
4/2/1991,1
4/3/1991,0
4/4/1991,0
4/5/1991,0
4/6/1991,0
4/7/1991,0
4/8/1991,0
4/9/1991,0
4/10/1991,0
4/11/1991,0
4/12/1991,0
4/13/1991,0
4/14/1991,0
4/15/1991,0
4/16/1991,0
4/17/1991,0
4/18/1991,0
4/19/1991,0
4/20/1991,0
4/21/1991,0
4/22/1991,0
4/23/1991,0
4/24/1991,0
4/25/1991,0
4/26/1991,0
4/27/1991,0
4/28/1991,0
4/29/1991,0
4/30/1991,0
5/1/1991,0
5/2/1991,0
5/3/1991,0
5/4/1991,0
5/5/1991,0
5/6/1991,0
5/7/1991,0
5/8/1991,0
5/9/1991,0
5/10/1991,0
5/11/1991,0
5/12/1991,0
5/13/1991,0
5/14/1991,0
5/15/1991,0
5/16/1991,0
5/17/1991,0
5/18/1991,0
5/19/1991,0
5/20/1991,0
5/21/1991,0
5/22/1991,0
5/23/1991,0
5/24/1991,0
5/25/1991,0
5/26/1991,0
5/27/1991,0
5/28/1991,0
5/29/1991,0
5/30/1991,0
5/31/1991,0
6/1/1991,0
6/2/1991,0
6/3/1991,0
6/4/1991,0
6/5/1991,0
6/6/1991,0
6/7/1991,0
6/8/1991,0
6/9/1991,0
6/10/1991,0
6/11/1991,0
6/12/1991,0
6/13/1991,0
6/14/1991,0
6/15/1991,0
6/16/1991,0
6/17/1991,0
6/18/1991,0
6/19/1991,0
6/20/1991,0
6/21/1991,0
6/22/1991,0
6/23/1991,0
6/24/1991,0
6/25/1991,0
6/26/1991,0
6/27/1991,0
6/28/1991,0
6/29/1991,0
6/30/1991,0
7/1/1991,0
7/2/1991,0
7/3/1991,0
7/4/1991,0
7/5/1991,0
7/6/1991,0
7/7/1991,0
7/8/1991,0
7/9/1991,0
7/10/1991,0
7/11/1991,0
7/12/1991,0
7/13/1991,0
7/14/1991,0
7/15/1991,0
7/16/1991,0
7/17/1991,0
7/18/1991,0
7/19/1991,0
7/20/1991,0
7/21/1991,0
7/22/1991,0
7/23/1991,0
7/24/1991,0
7/25/1991,0
7/26/1991,0
7/27/1991,0
7/28/1991,0
7/29/1991,0
7/30/1991,0
7/31/1991,0
8/1/1991,0
8/2/1991,0
8/3/1991,0
8/4/1991,0
8/5/1991,0
8/6/1991,0
8/7/1991,0
8/8/1991,0
8/9/1991,0
8/10/1991,0
8/11/1991,0
8/12/1991,0
8/13/1991,0
8/14/1991,0
8/15/1991,0
8/16/1991,0
8/17/1991,0
8/18/1991,0
8/19/1991,0
8/20/1991,0
8/21/1991,0
8/22/1991,0
8/23/1991,0
8/24/1991,0
8/25/1991,0
8/26/1991,0
8/27/1991,0
8/28/1991,0
8/29/1991,0
8/30/1991,0
8/31/1991,0
9/1/1991,0
9/2/1991,0
9/3/1991,0
9/4/1991,0
9/5/1991,0
9/6/1991,0
9/7/1991,0
9/8/1991,0
9/9/1991,0
9/10/1991,0
9/11/1991,0
9/12/1991,0
9/13/1991,0
9/14/1991,0
9/15/1991,0
9/16/1991,0
9/17/1991,0
9/18/1991,0
9/19/1991,0
9/20/1991,0
9/21/1991,0
9/22/1991,0
9/23/1991,0
9/24/1991,0
9/25/1991,0
9/26/1991,0
9/27/1991,0
9/28/1991,0
9/29/1991,0
9/30/1991,0
10/1/1991,0
10/2/1991,0
10/3/1991,0
10/4/1991,0
10/5/1991,0
10/6/1991,0
10/7/1991,0
10/8/1991,0
10/9/1991,0
10/10/1991,0
10/11/1991,0
10/12/1991,0
10/13/1991,0
10/14/1991,0
10/15/1991,0
10/16/1991,0
10/17/1991,0
10/18/1991,0
10/19/1991,0
10/20/1991,0
10/21/1991,0
10/22/1991,0
10/23/1991,0
10/24/1991,0
10/25/1991,0
10/26/1991,0
10/27/1991,0
10/28/1991,0
10/29/1991,0
10/30/1991,0
10/31/1991,0
11/1/1991,0
11/2/1991,0
11/3/1991,0
11/4/1991,0
11/5/1991,0
11/6/1991,0
11/7/1991,0
11/8/1991,1
11/9/1991,0
11/10/1991,0
11/11/1991,M
11/12/1991,0
11/13/1991,0
11/14/1991,0
11/15/1991,0
11/16/1991,0
11/17/1991,0
11/18/1991,0
11/19/1991,0
11/20/1991,0
11/21/1991,0
11/22/1991,0
11/23/1991,0
11/24/1991,0
11/25/1991,1
11/26/1991,3
11/27/1991,1
11/28/1991,0
11/29/1991,0
11/30/1991,0
12/1/1991,0
12/2/1991,0
12/3/1991,0
12/4/1991,4
12/5/1991,8
12/6/1991,3
12/7/1991,2
12/8/1991,0
12/9/1991,0
12/10/1991,0
12/11/1991,0
12/12/1991,0
12/13/1991,0
12/14/1991,0
12/15/1991,M
12/16/1991,3
12/17/1991,3
12/18/1991,3
12/19/1991,7
12/20/1991,7
12/21/1991,3
12/22/1991,2
12/23/1991,2
12/24/1991,M
12/25/1991,M
12/26/1991,M
12/27/1991,0
12/28/1991,0
12/29/1991,0
12/30/1991,M
12/31/1991,M
1/1/1992,0
1/2/1992,0
1/3/1992,0
1/4/1992,0
1/5/1992,0
1/6/1992,0
1/7/1992,0
1/8/1992,0
1/9/1992,0
1/10/1992,M
1/11/1992,M
1/12/1992,M
1/13/1992,0
1/14/1992,0
1/15/1992,7
1/16/1992,12
1/17/1992,9
1/18/1992,11
1/19/1992,10
1/20/1992,9
1/21/1992,7
1/22/1992,6
1/23/1992,4
1/24/1992,4
1/25/1992,5
1/26/1992,6
1/27/1992,4
1/28/1992,3
1/29/1992,2
1/30/1992,2
1/31/1992,M
2/1/1992,3
2/2/1992,3
2/3/1992,2
2/4/1992,2
2/5/1992,2
2/6/1992,2
2/7/1992,2
2/8/1992,3
2/9/1992,3
2/10/1992,3
2/11/1992,4
2/12/1992,4
2/13/1992,4
2/14/1992,4
2/15/1992,M
2/16/1992,1
2/17/1992,1
2/18/1992,M
2/19/1992,M
2/20/1992,M
2/21/1992,M
2/22/1992,0
2/23/1992,0
2/24/1992,0
2/25/1992,0
2/26/1992,M
2/27/1992,0
2/28/1992,0
2/29/1992,M
3/1/1992,1
3/2/1992,0
3/3/1992,0
3/4/1992,0
3/5/1992,0
3/6/1992,M
3/7/1992,0
3/8/1992,0
3/9/1992,0
3/10/1992,0
3/11/1992,8
3/12/1992,7
3/13/1992,7
3/14/1992,3
3/15/1992,3
3/16/1992,M
3/17/1992,4
3/18/1992,1
3/19/1992,3
3/20/1992,3
3/21/1992,2
3/22/1992,3
3/23/1992,5
3/24/1992,3
3/25/1992,2
3/26/1992,M
3/27/1992,1
3/28/1992,3
3/29/1992,M
3/30/1992,M
3/31/1992,0
4/1/1992,1
4/2/1992,1
4/3/1992,3
4/4/1992,M
4/5/1992,0
4/6/1992,0
4/7/1992,0
4/8/1992,0
4/9/1992,0
4/10/1992,0
4/11/1992,0
4/12/1992,0
4/13/1992,0
4/14/1992,0
4/15/1992,0
4/16/1992,0
4/17/1992,0
4/18/1992,0
4/19/1992,0
4/20/1992,0
4/21/1992,0
4/22/1992,0
4/23/1992,0
4/24/1992,0
4/25/1992,0
4/26/1992,0
4/27/1992,0
4/28/1992,0
4/29/1992,0
4/30/1992,0
5/1/1992,0
5/2/1992,0
5/3/1992,0
5/4/1992,0
5/5/1992,0
5/6/1992,0
5/7/1992,0
5/8/1992,0
5/9/1992,0
5/10/1992,0
5/11/1992,0
5/12/1992,0
5/13/1992,0
5/14/1992,0
5/15/1992,0
5/16/1992,0
5/17/1992,0
5/18/1992,0
5/19/1992,0
5/20/1992,0
5/21/1992,0
5/22/1992,0
5/23/1992,0
5/24/1992,0
5/25/1992,0
5/26/1992,0
5/27/1992,0
5/28/1992,0
5/29/1992,0
5/30/1992,0
5/31/1992,0
6/1/1992,0
6/2/1992,0
6/3/1992,0
6/4/1992,0
6/5/1992,0
6/6/1992,0
6/7/1992,0
6/8/1992,0
6/9/1992,0
6/10/1992,0
6/11/1992,0
6/12/1992,0
6/13/1992,0
6/14/1992,0
6/15/1992,0
6/16/1992,0
6/17/1992,0
6/18/1992,0
6/19/1992,0
6/20/1992,0
6/21/1992,0
6/22/1992,0
6/23/1992,0
6/24/1992,0
6/25/1992,0
6/26/1992,0
6/27/1992,0
6/28/1992,0
6/29/1992,0
6/30/1992,0
7/1/1992,0
7/2/1992,0
7/3/1992,0
7/4/1992,0
7/5/1992,0
7/6/1992,0
7/7/1992,0
7/8/1992,0
7/9/1992,0
7/10/1992,0
7/11/1992,0
7/12/1992,0
7/13/1992,0
7/14/1992,0
7/15/1992,0
7/16/1992,0
7/17/1992,0
7/18/1992,0
7/19/1992,0
7/20/1992,0
7/21/1992,0
7/22/1992,0
7/23/1992,0
7/24/1992,0
7/25/1992,0
7/26/1992,0
7/27/1992,0
7/28/1992,0
7/29/1992,0
7/30/1992,0
7/31/1992,0
8/1/1992,0
8/2/1992,0
8/3/1992,0
8/4/1992,0
8/5/1992,0
8/6/1992,0
8/7/1992,0
8/8/1992,0
8/9/1992,0
8/10/1992,0
8/11/1992,0
8/12/1992,0
8/13/1992,0
8/14/1992,0
8/15/1992,0
8/16/1992,0
8/17/1992,0
8/18/1992,0
8/19/1992,0
8/20/1992,0
8/21/1992,0
8/22/1992,0
8/23/1992,0
8/24/1992,0
8/25/1992,0
8/26/1992,0
8/27/1992,0
8/28/1992,0
8/29/1992,0
8/30/1992,0
8/31/1992,0
9/1/1992,0
9/2/1992,0
9/3/1992,0
9/4/1992,0
9/5/1992,0
9/6/1992,0
9/7/1992,0
9/8/1992,0
9/9/1992,0
9/10/1992,0
9/11/1992,0
9/12/1992,0
9/13/1992,0
9/14/1992,0
9/15/1992,0
9/16/1992,0
9/17/1992,0
9/18/1992,0
9/19/1992,0
9/20/1992,0
9/21/1992,0
9/22/1992,0
9/23/1992,0
9/24/1992,0
9/25/1992,0
9/26/1992,0
9/27/1992,0
9/28/1992,0
9/29/1992,0
9/30/1992,0
10/1/1992,0
10/2/1992,0
10/3/1992,0
10/4/1992,0
10/5/1992,0
10/6/1992,0
10/7/1992,0
10/8/1992,0
10/9/1992,0
10/10/1992,0
10/11/1992,0
10/12/1992,0
10/13/1992,0
10/14/1992,0
10/15/1992,0
10/16/1992,0
10/17/1992,0
10/18/1992,0
10/19/1992,4
10/20/1992,1
10/21/1992,0
10/22/1992,0
10/23/1992,0
10/24/1992,0
10/25/1992,0
10/26/1992,0
10/27/1992,0
10/28/1992,0
10/29/1992,0
10/30/1992,0
10/31/1992,0
11/1/1992,0
11/2/1992,0
11/3/1992,0
11/4/1992,0
11/5/1992,0
11/6/1992,2
11/7/1992,3
11/8/1992,2
11/9/1992,M
11/10/1992,0
11/11/1992,0
11/12/1992,0
11/13/1992,0
11/14/1992,1
11/15/1992,2
11/16/1992,4
11/17/1992,1
11/18/1992,M
11/19/1992,0
11/20/1992,0
11/21/1992,0
11/22/1992,0
11/23/1992,0
11/24/1992,0
11/25/1992,0
11/26/1992,0
11/27/1992,0
11/28/1992,0
11/29/1992,0
11/30/1992,0
12/1/1992,M
12/2/1992,0
12/3/1992,2
12/4/1992,1
12/5/1992,5
12/6/1992,5
12/7/1992,5
12/8/1992,4
12/9/1992,4
12/10/1992,6
12/11/1992,6
12/12/1992,7
12/13/1992,6
12/14/1992,5
12/15/1992,4
12/16/1992,1
12/17/1992,M
12/18/1992,M
12/19/1992,0
12/20/1992,0
12/21/1992,0
12/22/1992,0
12/23/1992,0
12/24/1992,3
12/25/1992,3
12/26/1992,8
12/27/1992,9
12/28/1992,6
12/29/1992,3
12/30/1992,M
12/31/1992,0
1/1/1993,M
1/2/1993,1
1/3/1993,M
1/4/1993,0
1/5/1993,0
1/6/1993,0
1/7/1993,0
1/8/1993,2
1/9/1993,M
1/10/1993,M
1/11/1993,5
1/12/1993,4
1/13/1993,2
1/14/1993,4
1/15/1993,5
1/16/1993,5
1/17/1993,3
1/18/1993,5
1/19/1993,5
1/20/1993,4
1/21/1993,4
1/22/1993,M
1/23/1993,M
1/24/1993,0
1/25/1993,3
1/26/1993,5
1/27/1993,4
1/28/1993,5
1/29/1993,4
1/30/1993,M
1/31/1993,M
2/1/1993,M
2/2/1993,1
2/3/1993,M
2/4/1993,M
2/5/1993,M
2/6/1993,1
2/7/1993,2
2/8/1993,M
2/9/1993,M
2/10/1993,M
2/11/1993,0
2/12/1993,M
2/13/1993,1
2/14/1993,2
2/15/1993,3
2/16/1993,5
2/17/1993,10
2/18/1993,13
2/19/1993,14
2/20/1993,10
2/21/1993,9
2/22/1993,8
2/23/1993,19
2/24/1993,22
2/25/1993,19
2/26/1993,13
2/27/1993,10
2/28/1993,10
3/1/1993,8
3/2/1993,6
3/3/1993,5
3/4/1993,4
3/5/1993,10
3/6/1993,11
3/7/1993,9
3/8/1993,5
3/9/1993,5
3/10/1993,5
3/11/1993,9
3/12/1993,11
3/13/1993,5
3/14/1993,12
3/15/1993,14
3/16/1993,14
3/17/1993,9
3/18/1993,9
3/19/1993,8
3/20/1993,7
3/21/1993,6
3/22/1993,6
3/23/1993,4
3/24/1993,3
3/25/1993,2
3/26/1993,M
3/27/1993,0
3/28/1993,0
3/29/1993,0
3/30/1993,0
3/31/1993,0
4/1/1993,0
4/2/1993,0
4/3/1993,2
4/4/1993,0
4/5/1993,0
4/6/1993,0
4/7/1993,0
4/8/1993,0
4/9/1993,0
4/10/1993,0
4/11/1993,0
4/12/1993,0
4/13/1993,0
4/14/1993,0
4/15/1993,0
4/16/1993,0
4/17/1993,0
4/18/1993,0
4/19/1993,0
4/20/1993,0
4/21/1993,0
4/22/1993,0
4/23/1993,0
4/24/1993,0
4/25/1993,0
4/26/1993,0
4/27/1993,0
4/28/1993,0
4/29/1993,0
4/30/1993,0
5/1/1993,0
5/2/1993,0
5/3/1993,0
5/4/1993,0
5/5/1993,0
5/6/1993,0
5/7/1993,0
5/8/1993,0
5/9/1993,0
5/10/1993,0
5/11/1993,0
5/12/1993,0
5/13/1993,0
5/14/1993,0
5/15/1993,0
5/16/1993,0
5/17/1993,0
5/18/1993,0
5/19/1993,0
5/20/1993,0
5/21/1993,0
5/22/1993,0
5/23/1993,0
5/24/1993,0
5/25/1993,0
5/26/1993,0
5/27/1993,0
5/28/1993,0
5/29/1993,0
5/30/1993,0
5/31/1993,0
6/1/1993,0
6/2/1993,0
6/3/1993,0
6/4/1993,0
6/5/1993,0
6/6/1993,0
6/7/1993,0
6/8/1993,0
6/9/1993,0
6/10/1993,0
6/11/1993,0
6/12/1993,0
6/13/1993,0
6/14/1993,0
6/15/1993,0
6/16/1993,0
6/17/1993,0
6/18/1993,0
6/19/1993,0
6/20/1993,0
6/21/1993,0
6/22/1993,0
6/23/1993,0
6/24/1993,0
6/25/1993,0
6/26/1993,0
6/27/1993,0
6/28/1993,0
6/29/1993,0
6/30/1993,0
7/1/1993,0
7/2/1993,0
7/3/1993,0
7/4/1993,0
7/5/1993,0
7/6/1993,0
7/7/1993,0
7/8/1993,0
7/9/1993,0
7/10/1993,0
7/11/1993,0
7/12/1993,0
7/13/1993,0
7/14/1993,0
7/15/1993,0
7/16/1993,0
7/17/1993,0
7/18/1993,0
7/19/1993,0
7/20/1993,0
7/21/1993,0
7/22/1993,0
7/23/1993,0
7/24/1993,0
7/25/1993,0
7/26/1993,0
7/27/1993,0
7/28/1993,0
7/29/1993,0
7/30/1993,0
7/31/1993,0
8/1/1993,0
8/2/1993,0
8/3/1993,0
8/4/1993,0
8/5/1993,0
8/6/1993,0
8/7/1993,0
8/8/1993,0
8/9/1993,0
8/10/1993,0
8/11/1993,0
8/12/1993,0
8/13/1993,0
8/14/1993,0
8/15/1993,0
8/16/1993,0
8/17/1993,0
8/18/1993,0
8/19/1993,0
8/20/1993,0
8/21/1993,0
8/22/1993,0
8/23/1993,0
8/24/1993,0
8/25/1993,0
8/26/1993,0
8/27/1993,0
8/28/1993,0
8/29/1993,0
8/30/1993,0
8/31/1993,0
9/1/1993,0
9/2/1993,0
9/3/1993,0
9/4/1993,0
9/5/1993,0
9/6/1993,0
9/7/1993,0
9/8/1993,0
9/9/1993,0
9/10/1993,0
9/11/1993,0
9/12/1993,0
9/13/1993,0
9/14/1993,0
9/15/1993,0
9/16/1993,0
9/17/1993,0
9/18/1993,0
9/19/1993,0
9/20/1993,0
9/21/1993,0
9/22/1993,0
9/23/1993,0
9/24/1993,0
9/25/1993,0
9/26/1993,0
9/27/1993,0
9/28/1993,0
9/29/1993,0
9/30/1993,0
10/1/1993,0
10/2/1993,0
10/3/1993,0
10/4/1993,0
10/5/1993,0
10/6/1993,0
10/7/1993,0
10/8/1993,0
10/9/1993,0
10/10/1993,0
10/11/1993,0
10/12/1993,0
10/13/1993,0
10/14/1993,0
10/15/1993,0
10/16/1993,0
10/17/1993,0
10/18/1993,0
10/19/1993,0
10/20/1993,0
10/21/1993,0
10/22/1993,0
10/23/1993,0
10/24/1993,0
10/25/1993,0
10/26/1993,0
10/27/1993,0
10/28/1993,0
10/29/1993,0
10/30/1993,0
10/31/1993,2
11/1/1993,5
11/2/1993,4
11/3/1993,1
11/4/1993,0
11/5/1993,0
11/6/1993,0
11/7/1993,M
11/8/1993,0
11/9/1993,0
11/10/1993,0
11/11/1993,0
11/12/1993,0
11/13/1993,0
11/14/1993,0
11/15/1993,0
11/16/1993,0
11/17/1993,0
11/18/1993,0
11/19/1993,0
11/20/1993,0
11/21/1993,0
11/22/1993,0
11/23/1993,0
11/24/1993,0
11/25/1993,0
11/26/1993,0
11/27/1993,0
11/28/1993,M
11/29/1993,1
11/30/1993,M
12/1/1993,0
12/2/1993,0
12/3/1993,0
12/4/1993,0
12/5/1993,0
12/6/1993,0
12/7/1993,0
12/8/1993,0
12/9/1993,0
12/10/1993,0
12/11/1993,8
12/12/1993,5
12/13/1993,3
12/14/1993,2
12/15/1993,1
12/16/1993,M
12/17/1993,0
12/18/1993,0
12/19/1993,0
12/20/1993,0
12/21/1993,2
12/22/1993,4
12/23/1993,6
12/24/1993,6
12/25/1993,6
12/26/1993,17
12/27/1993,25
12/28/1993,19
12/29/1993,19
12/30/1993,23
12/31/1993,17
1/1/1994,15
1/2/1994,10
1/3/1994,10
1/4/1994,13
1/5/1994,15
1/6/1994,15
1/7/1994,18
1/8/1994,16
1/9/1994,16
1/10/1994,16
1/11/1994,15
1/12/1994,10
1/13/1994,10
1/14/1994,15
1/15/1994,15
1/16/1994,15
1/17/1994,17
1/18/1994,19
1/19/1994,19
1/20/1994,19
1/21/1994,18
1/22/1994,18
1/23/1994,18
1/24/1994,13
1/25/1994,11
1/26/1994,14
1/27/1994,13
1/28/1994,13
1/29/1994,9
1/30/1994,12
1/31/1994,11
2/1/1994,12
2/2/1994,11
2/3/1994,15
2/4/1994,15
2/5/1994,14
2/6/1994,11
2/7/1994,9
2/8/1994,11
2/9/1994,13
2/10/1994,13
2/11/1994,12
2/12/1994,12
2/13/1994,11
2/14/1994,10
2/15/1994,9
2/16/1994,9
2/17/1994,9
2/18/1994,9
2/19/1994,8
2/20/1994,3
2/21/1994,M
2/22/1994,0
2/23/1994,M
2/24/1994,2
2/25/1994,6
2/26/1994,11
2/27/1994,10
2/28/1994,10
3/1/1994,9
3/2/1994,4
3/3/1994,4
3/4/1994,3
3/5/1994,3
3/6/1994,3
3/7/1994,M
3/8/1994,M
3/9/1994,M
3/10/1994,4
3/11/1994,4
3/12/1994,4
3/13/1994,3
3/14/1994,M
3/15/1994,M
3/16/1994,4
3/17/1994,3
3/18/1994,2
3/19/1994,3
3/20/1994,2
3/21/1994,M
3/22/1994,M
3/23/1994,M
3/24/1994,0
3/25/1994,0
3/26/1994,0
3/27/1994,0
3/28/1994,0
3/29/1994,0
3/30/1994,M
3/31/1994,0
4/1/1994,0
4/2/1994,0
4/3/1994,0
4/4/1994,M
4/5/1994,0
4/6/1994,0
4/7/1994,1
4/8/1994,0
4/9/1994,0
4/10/1994,0
4/11/1994,0
4/12/1994,0
4/13/1994,0
4/14/1994,0
4/15/1994,0
4/16/1994,0
4/17/1994,0
4/18/1994,0
4/19/1994,0
4/20/1994,0
4/21/1994,0
4/22/1994,0
4/23/1994,0
4/24/1994,0
4/25/1994,0
4/26/1994,0
4/27/1994,0
4/28/1994,0
4/29/1994,0
4/30/1994,0
5/1/1994,0
5/2/1994,0
5/3/1994,0
5/4/1994,0
5/5/1994,0
5/6/1994,0
5/7/1994,0
5/8/1994,0
5/9/1994,0
5/10/1994,0
5/11/1994,0
5/12/1994,0
5/13/1994,0
5/14/1994,0
5/15/1994,0
5/16/1994,0
5/17/1994,0
5/18/1994,0
5/19/1994,0
5/20/1994,0
5/21/1994,0
5/22/1994,0
5/23/1994,0
5/24/1994,0
5/25/1994,0
5/26/1994,0
5/27/1994,0
5/28/1994,0
5/29/1994,0
5/30/1994,0
5/31/1994,0
6/1/1994,0
6/2/1994,0
6/3/1994,0
6/4/1994,0
6/5/1994,0
6/6/1994,0
6/7/1994,0
6/8/1994,0
6/9/1994,0
6/10/1994,0
6/11/1994,0
6/12/1994,0
6/13/1994,0
6/14/1994,0
6/15/1994,0
6/16/1994,0
6/17/1994,0
6/18/1994,0
6/19/1994,0
6/20/1994,0
6/21/1994,0
6/22/1994,0
6/23/1994,0
6/24/1994,0
6/25/1994,0
6/26/1994,0
6/27/1994,0
6/28/1994,0
6/29/1994,0
6/30/1994,0
7/1/1994,0
7/2/1994,0
7/3/1994,0
7/4/1994,0
7/5/1994,0
7/6/1994,0
7/7/1994,0
7/8/1994,0
7/9/1994,0
7/10/1994,0
7/11/1994,0
7/12/1994,0
7/13/1994,0
7/14/1994,0
7/15/1994,0
7/16/1994,0
7/17/1994,0
7/18/1994,0
7/19/1994,0
7/20/1994,0
7/21/1994,0
7/22/1994,0
7/23/1994,0
7/24/1994,0
7/25/1994,0
7/26/1994,0
7/27/1994,0
7/28/1994,0
7/29/1994,0
7/30/1994,0
7/31/1994,0
8/1/1994,0
8/2/1994,0
8/3/1994,0
8/4/1994,0
8/5/1994,0
8/6/1994,0
8/7/1994,0
8/8/1994,0
8/9/1994,0
8/10/1994,0
8/11/1994,0
8/12/1994,0
8/13/1994,0
8/14/1994,0
8/15/1994,0
8/16/1994,0
8/17/1994,0
8/18/1994,0
8/19/1994,0
8/20/1994,0
8/21/1994,0
8/22/1994,0
8/23/1994,0
8/24/1994,0
8/25/1994,0
8/26/1994,0
8/27/1994,0
8/28/1994,0
8/29/1994,0
8/30/1994,0
8/31/1994,0
9/1/1994,0
9/2/1994,0
9/3/1994,0
9/4/1994,0
9/5/1994,0
9/6/1994,0
9/7/1994,0
9/8/1994,0
9/9/1994,0
9/10/1994,0
9/11/1994,0
9/12/1994,0
9/13/1994,0
9/14/1994,0
9/15/1994,0
9/16/1994,0
9/17/1994,0
9/18/1994,0
9/19/1994,0
9/20/1994,0
9/21/1994,0
9/22/1994,0
9/23/1994,0
9/24/1994,0
9/25/1994,0
9/26/1994,0
9/27/1994,0
9/28/1994,0
9/29/1994,0
9/30/1994,0
10/1/1994,0
10/2/1994,0
10/3/1994,0
10/4/1994,0
10/5/1994,0
10/6/1994,0
10/7/1994,0
10/8/1994,0
10/9/1994,0
10/10/1994,0
10/11/1994,0
10/12/1994,0
10/13/1994,0
10/14/1994,0
10/15/1994,0
10/16/1994,0
10/17/1994,0
10/18/1994,0
10/19/1994,0
10/20/1994,0
10/21/1994,0
10/22/1994,0
10/23/1994,0
10/24/1994,0
10/25/1994,0
10/26/1994,0
10/27/1994,0
10/28/1994,0
10/29/1994,0
10/30/1994,0
10/31/1994,0
11/1/1994,0
11/2/1994,0
11/3/1994,0
11/4/1994,0
11/5/1994,0
11/6/1994,0
11/7/1994,0
11/8/1994,0
11/9/1994,0
11/10/1994,0
11/11/1994,0
11/12/1994,0
11/13/1994,0
11/14/1994,0
11/15/1994,0
11/16/1994,0
11/17/1994,0
11/18/1994,0
11/19/1994,0
11/20/1994,0
11/21/1994,0
11/22/1994,0
11/23/1994,0
11/24/1994,1
11/25/1994,0
11/26/1994,0
11/27/1994,0
11/28/1994,0
11/29/1994,0
11/30/1994,0
12/1/1994,0
12/2/1994,0
12/3/1994,0
12/4/1994,0
12/5/1994,0
12/6/1994,0
12/7/1994,0
12/8/1994,M
12/9/1994,M
12/10/1994,0
12/11/1994,3
12/12/1994,3
12/13/1994,3
12/14/1994,3
12/15/1994,2
12/16/1994,M
12/17/1994,0
12/18/1994,M
12/19/1994,0
12/20/1994,0
12/21/1994,0
12/22/1994,0
12/23/1994,0
12/24/1994,0
12/25/1994,0
12/26/1994,0
12/27/1994,0
12/28/1994,0
12/29/1994,0
12/30/1994,0
12/31/1994,0
1/1/1995,0
1/2/1995,M
1/3/1995,M
1/4/1995,1
1/5/1995,8
1/6/1995,7
1/7/1995,6
1/8/1995,7
1/9/1995,7
1/10/1995,7
1/11/1995,6
1/12/1995,3
1/13/1995,M
1/14/1995,0
1/15/1995,0
1/16/1995,M
1/17/1995,M
1/18/1995,0
1/19/1995,0
1/20/1995,0
1/21/1995,2
1/22/1995,5
1/23/1995,6
1/24/1995,8
1/25/1995,8
1/26/1995,7
1/27/1995,6
1/28/1995,5
1/29/1995,4
1/30/1995,4
1/31/1995,3
2/1/1995,3
2/2/1995,3
2/3/1995,3
2/4/1995,2
2/5/1995,5
2/6/1995,7
2/7/1995,12
2/8/1995,12
2/9/1995,12
2/10/1995,11
2/11/1995,7
2/12/1995,9
2/13/1995,6
2/14/1995,6
2/15/1995,6
2/16/1995,3
2/17/1995,3
2/18/1995,3
2/19/1995,3
2/20/1995,2
2/21/1995,1
2/22/1995,4
2/23/1995,1
2/24/1995,M
2/25/1995,4
2/26/1995,6
2/27/1995,3
2/28/1995,0
3/1/1995,0
3/2/1995,1
3/3/1995,0
3/4/1995,0
3/5/1995,0
3/6/1995,0
3/7/1995,0
3/8/1995,2
3/9/1995,5
3/10/1995,4
3/11/1995,M
3/12/1995,M
3/13/1995,M
3/14/1995,M
3/15/1995,M
3/16/1995,M
3/17/1995,M
3/18/1995,M
3/19/1995,M
3/20/1995,M
3/21/1995,M
3/22/1995,M
3/23/1995,M
3/24/1995,M
3/25/1995,M
3/26/1995,M
3/27/1995,M
3/28/1995,M
3/29/1995,M
3/30/1995,M
3/31/1995,M
4/1/1995,0
4/2/1995,M
4/3/1995,0
4/4/1995,0
4/5/1995,M
4/6/1995,0
4/7/1995,0
4/8/1995,0
4/9/1995,0
4/10/1995,M
4/11/1995,0
4/12/1995,0
4/13/1995,0
4/14/1995,0
4/15/1995,0
4/16/1995,0
4/17/1995,0
4/18/1995,0
4/19/1995,0
4/20/1995,0
4/21/1995,0
4/22/1995,0
4/23/1995,0
4/24/1995,0
4/25/1995,0
4/26/1995,0
4/27/1995,0
4/28/1995,0
4/29/1995,0
4/30/1995,0
5/1/1995,0
5/2/1995,0
5/3/1995,0
5/4/1995,0
5/5/1995,0
5/6/1995,0
5/7/1995,0
5/8/1995,0
5/9/1995,0
5/10/1995,0
5/11/1995,0
5/12/1995,0
5/13/1995,0
5/14/1995,0
5/15/1995,0
5/16/1995,0
5/17/1995,0
5/18/1995,0
5/19/1995,0
5/20/1995,0
5/21/1995,0
5/22/1995,0
5/23/1995,0
5/24/1995,0
5/25/1995,0
5/26/1995,0
5/27/1995,0
5/28/1995,0
5/29/1995,0
5/30/1995,0
5/31/1995,0
6/1/1995,0
6/2/1995,0
6/3/1995,0
6/4/1995,0
6/5/1995,0
6/6/1995,0
6/7/1995,0
6/8/1995,0
6/9/1995,0
6/10/1995,0
6/11/1995,0
6/12/1995,0
6/13/1995,0
6/14/1995,0
6/15/1995,0
6/16/1995,0
6/17/1995,0
6/18/1995,0
6/19/1995,0
6/20/1995,0
6/21/1995,0
6/22/1995,0
6/23/1995,0
6/24/1995,0
6/25/1995,0
6/26/1995,0
6/27/1995,0
6/28/1995,0
6/29/1995,0
6/30/1995,0
7/1/1995,0
7/2/1995,0
7/3/1995,0
7/4/1995,0
7/5/1995,0
7/6/1995,0
7/7/1995,0
7/8/1995,0
7/9/1995,0
7/10/1995,0
7/11/1995,0
7/12/1995,0
7/13/1995,0
7/14/1995,0
7/15/1995,0
7/16/1995,0
7/17/1995,0
7/18/1995,0
7/19/1995,0
7/20/1995,0
7/21/1995,0
7/22/1995,0
7/23/1995,0
7/24/1995,0
7/25/1995,0
7/26/1995,0
7/27/1995,0
7/28/1995,0
7/29/1995,0
7/30/1995,0
7/31/1995,0
8/1/1995,0
8/2/1995,0
8/3/1995,0
8/4/1995,0
8/5/1995,0
8/6/1995,0
8/7/1995,0
8/8/1995,0
8/9/1995,0
8/10/1995,0
8/11/1995,0
8/12/1995,0
8/13/1995,0
8/14/1995,0
8/15/1995,0
8/16/1995,0
8/17/1995,0
8/18/1995,0
8/19/1995,0
8/20/1995,0
8/21/1995,0
8/22/1995,0
8/23/1995,0
8/24/1995,0
8/25/1995,0
8/26/1995,0
8/27/1995,0
8/28/1995,0
8/29/1995,0
8/30/1995,0
8/31/1995,0
9/1/1995,0
9/2/1995,0
9/3/1995,0
9/4/1995,0
9/5/1995,0
9/6/1995,0
9/7/1995,0
9/8/1995,0
9/9/1995,0
9/10/1995,0
9/11/1995,0
9/12/1995,0
9/13/1995,0
9/14/1995,0
9/15/1995,0
9/16/1995,0
9/17/1995,0
9/18/1995,0
9/19/1995,0
9/20/1995,0
9/21/1995,0
9/22/1995,0
9/23/1995,0
9/24/1995,0
9/25/1995,0
9/26/1995,0
9/27/1995,0
9/28/1995,0
9/29/1995,0
9/30/1995,0
10/1/1995,0
10/2/1995,0
10/3/1995,0
10/4/1995,0
10/5/1995,0
10/6/1995,0
10/7/1995,0
10/8/1995,0
10/9/1995,0
10/10/1995,0
10/11/1995,0
10/12/1995,0
10/13/1995,0
10/14/1995,0
10/15/1995,0
10/16/1995,0
10/17/1995,0
10/18/1995,0
10/19/1995,0
10/20/1995,0
10/21/1995,0
10/22/1995,0
10/23/1995,0
10/24/1995,0
10/25/1995,0
10/26/1995,0
10/27/1995,0
10/28/1995,0
10/29/1995,0
10/30/1995,0
10/31/1995,0
11/1/1995,0
11/2/1995,0
11/3/1995,0
11/4/1995,3
11/5/1995,7
11/6/1995,3
11/7/1995,M
11/8/1995,1
11/9/1995,2
11/10/1995,M
11/11/1995,0
11/12/1995,M
11/13/1995,1
11/14/1995,M
11/15/1995,2
11/16/1995,7
11/17/1995,9
11/18/1995,8
11/19/1995,4
11/20/1995,3
11/21/1995,2
11/22/1995,5
11/23/1995,4
11/24/1995,4
11/25/1995,3
11/26/1995,2
11/27/1995,M
11/28/1995,M
11/29/1995,M
11/30/1995,0
12/1/1995,0
12/2/1995,0
12/3/1995,0
12/4/1995,0
12/5/1995,0
12/6/1995,M
12/7/1995,0
12/8/1995,M
12/9/1995,2
12/10/1995,2
12/11/1995,5
12/12/1995,14
12/13/1995,13
12/14/1995,6
12/15/1995,3
12/16/1995,M
12/17/1995,0
12/18/1995,0
12/19/1995,4
12/20/1995,10
12/21/1995,18
12/22/1995,17
12/23/1995,15
12/24/1995,13
12/25/1995,12
12/26/1995,14
12/27/1995,16
12/28/1995,13
12/29/1995,10
12/30/1995,8
12/31/1995,7
1/1/1996,5
1/2/1996,5
1/3/1996,13
1/4/1996,16
1/5/1996,16
1/6/1996,15
1/7/1996,13
1/8/1996,12
1/9/1996,12
1/10/1996,15
1/11/1996,14
1/12/1996,13
1/13/1996,10
1/14/1996,8
1/15/1996,7
1/16/1996,7
1/17/1996,4
1/18/1996,3
1/19/1996,M
1/20/1996,M
1/21/1996,M
1/22/1996,M
1/23/1996,1
1/24/1996,0
1/25/1996,5
1/26/1996,4
1/27/1996,M
1/28/1996,3
1/29/1996,3
1/30/1996,1
1/31/1996,3
2/1/1996,3
2/2/1996,4
2/3/1996,4
2/4/1996,3
2/5/1996,3
2/6/1996,4
2/7/1996,3
2/8/1996,M
2/9/1996,0
2/10/1996,0
2/11/1996,M
2/12/1996,3
2/13/1996,4
2/14/1996,6
2/15/1996,8
2/16/1996,6
2/17/1996,5
2/18/1996,8
2/19/1996,6
2/20/1996,3
2/21/1996,M
2/22/1996,M
2/23/1996,M
2/24/1996,M
2/25/1996,0
2/26/1996,0
2/27/1996,0
2/28/1996,0
2/29/1996,4
3/1/1996,3
3/2/1996,M
3/3/1996,3
3/4/1996,4
3/5/1996,3
3/6/1996,M
3/7/1996,2
3/8/1996,M
3/9/1996,9
3/10/1996,5
3/11/1996,4
3/12/1996,3
3/13/1996,M
3/14/1996,M
3/15/1996,M
3/16/1996,0
3/17/1996,0
3/18/1996,0
3/19/1996,0
3/20/1996,3
3/21/1996,6
3/22/1996,9
3/23/1996,9
3/24/1996,5
3/25/1996,M
3/26/1996,M
3/27/1996,0
3/28/1996,0
3/29/1996,0
3/30/1996,0
3/31/1996,0
4/1/1996,M
4/2/1996,M
4/3/1996,0
4/4/1996,0
4/5/1996,M
4/6/1996,0
4/7/1996,0
4/8/1996,0
4/9/1996,M
4/10/1996,1
4/11/1996,M
4/12/1996,M
4/13/1996,0
4/14/1996,0
4/15/1996,0
4/16/1996,M
4/17/1996,M
4/18/1996,0
4/19/1996,0
4/20/1996,0
4/21/1996,0
4/22/1996,0
4/23/1996,0
4/24/1996,M
4/25/1996,0
4/26/1996,0
4/27/1996,0
4/28/1996,0
4/29/1996,0
4/30/1996,0
5/1/1996,0
5/2/1996,0
5/3/1996,0
5/4/1996,0
5/5/1996,0
5/6/1996,0
5/7/1996,0
5/8/1996,0
5/9/1996,0
5/10/1996,0
5/11/1996,0
5/12/1996,0
5/13/1996,0
5/14/1996,0
5/15/1996,0
5/16/1996,0
5/17/1996,0
5/18/1996,0
5/19/1996,0
5/20/1996,0
5/21/1996,0
5/22/1996,0
5/23/1996,0
5/24/1996,0
5/25/1996,0
5/26/1996,0
5/27/1996,0
5/28/1996,0
5/29/1996,0
5/30/1996,0
5/31/1996,0
6/1/1996,0
6/2/1996,0
6/3/1996,0
6/4/1996,0
6/5/1996,0
6/6/1996,0
6/7/1996,0
6/8/1996,0
6/9/1996,0
6/10/1996,0
6/11/1996,0
6/12/1996,0
6/13/1996,0
6/14/1996,0
6/15/1996,0
6/16/1996,0
6/17/1996,0
6/18/1996,0
6/19/1996,0
6/20/1996,0
6/21/1996,0
6/22/1996,0
6/23/1996,0
6/24/1996,0
6/25/1996,0
6/26/1996,0
6/27/1996,0
6/28/1996,0
6/29/1996,0
6/30/1996,0
7/1/1996,0
7/2/1996,0
7/3/1996,0
7/4/1996,0
7/5/1996,0
7/6/1996,0
7/7/1996,0
7/8/1996,0
7/9/1996,0
7/10/1996,0
7/11/1996,0
7/12/1996,0
7/13/1996,0
7/14/1996,0
7/15/1996,0
7/16/1996,0
7/17/1996,0
7/18/1996,0
7/19/1996,0
7/20/1996,0
7/21/1996,0
7/22/1996,0
7/23/1996,0
7/24/1996,0
7/25/1996,0
7/26/1996,0
7/27/1996,0
7/28/1996,0
7/29/1996,0
7/30/1996,0
7/31/1996,0
8/1/1996,0
8/2/1996,0
8/3/1996,0
8/4/1996,0
8/5/1996,0
8/6/1996,0
8/7/1996,0
8/8/1996,0
8/9/1996,0
8/10/1996,0
8/11/1996,0
8/12/1996,0
8/13/1996,0
8/14/1996,0
8/15/1996,0
8/16/1996,0
8/17/1996,0
8/18/1996,0
8/19/1996,0
8/20/1996,0
8/21/1996,0
8/22/1996,0
8/23/1996,0
8/24/1996,0
8/25/1996,0
8/26/1996,0
8/27/1996,0
8/28/1996,0
8/29/1996,0
8/30/1996,0
8/31/1996,0
9/1/1996,0
9/2/1996,0
9/3/1996,0
9/4/1996,0
9/5/1996,0
9/6/1996,0
9/7/1996,0
9/8/1996,0
9/9/1996,0
9/10/1996,0
9/11/1996,0
9/12/1996,0
9/13/1996,0
9/14/1996,0
9/15/1996,0
9/16/1996,0
9/17/1996,0
9/18/1996,0
9/19/1996,0
9/20/1996,0
9/21/1996,0
9/22/1996,0
9/23/1996,0
9/24/1996,0
9/25/1996,0
9/26/1996,0
9/27/1996,0
9/28/1996,0
9/29/1996,0
9/30/1996,0
10/1/1996,0
10/2/1996,0
10/3/1996,0
10/4/1996,0
10/5/1996,0
10/6/1996,0
10/7/1996,0
10/8/1996,0
10/9/1996,0
10/10/1996,0
10/11/1996,0
10/12/1996,0
10/13/1996,0
10/14/1996,0
10/15/1996,0
10/16/1996,0
10/17/1996,0
10/18/1996,0
10/19/1996,0
10/20/1996,0
10/21/1996,0
10/22/1996,0
10/23/1996,0
10/24/1996,0
10/25/1996,0
10/26/1996,0
10/27/1996,0
10/28/1996,0
10/29/1996,0
10/30/1996,0
10/31/1996,0
11/1/1996,0
11/2/1996,1
11/3/1996,1
11/4/1996,M
11/5/1996,M
11/6/1996,M
11/7/1996,0
11/8/1996,0
11/9/1996,M
11/10/1996,11
11/11/1996,21
11/12/1996,32
11/13/1996,42
11/14/1996,47
11/15/1996,36
11/16/1996,30
11/17/1996,25
11/18/1996,8
11/19/1996,7
11/20/1996,5
11/21/1996,4
11/22/1996,5
11/23/1996,5
11/24/1996,4
11/25/1996,3
11/26/1996,2
11/27/1996,3
11/28/1996,3
11/29/1996,3
11/30/1996,2
12/1/1996,0
12/2/1996,0
12/3/1996,0
12/4/1996,M
12/5/1996,0
12/6/1996,M
12/7/1996,0
12/8/1996,0
12/9/1996,6
12/10/1996,6
12/11/1996,M
12/12/1996,M
12/13/1996,0
12/14/1996,0
12/15/1996,0
12/16/1996,0
12/17/1996,0
12/18/1996,0
12/19/1996,M
12/20/1996,M
12/21/1996,M
12/22/1996,2
12/23/1996,1
12/24/1996,0
12/25/1996,5
12/26/1996,3
12/27/1996,3
12/28/1996,M
12/29/1996,M
12/30/1996,M
12/31/1996,0
1/1/1997,0
1/2/1997,0
1/3/1997,0
1/4/1997,0
1/5/1997,0
1/6/1997,M
1/7/1997,2
1/8/1997,3
1/9/1997,3
1/10/1997,4
1/11/1997,5
1/12/1997,5
1/13/1997,4
1/14/1997,5
1/15/1997,4
1/16/1997,2
1/17/1997,6
1/18/1997,6
1/19/1997,6
1/20/1997,6
1/21/1997,4
1/22/1997,2
1/23/1997,M
1/24/1997,1
1/25/1997,M
1/26/1997,3
1/27/1997,3
1/28/1997,3
1/29/1997,3
1/30/1997,2
1/31/1997,2
2/1/1997,1
2/2/1997,1
2/3/1997,M
2/4/1997,0
2/5/1997,M
2/6/1997,M
2/7/1997,M
2/8/1997,M
2/9/1997,1
2/10/1997,M
2/11/1997,1
2/12/1997,3
2/13/1997,6
2/14/1997,4
2/15/1997,4
2/16/1997,4
2/17/1997,6
2/18/1997,4
2/19/1997,M
2/20/1997,0
2/21/1997,0
2/22/1997,0
2/23/1997,M
2/24/1997,M
2/25/1997,M
2/26/1997,0
2/27/1997,0
2/28/1997,0
3/1/1997,0
3/2/1997,0
3/3/1997,0
3/4/1997,0
3/5/1997,0
3/6/1997,3
3/7/1997,5
3/8/1997,1
3/9/1997,M
3/10/1997,0
3/11/1997,M
3/12/1997,0
3/13/1997,0
3/14/1997,0
3/15/1997,1
3/16/1997,M
3/17/1997,0
3/18/1997,0
3/19/1997,0
3/20/1997,0
3/21/1997,0
3/22/1997,0
3/23/1997,0
3/24/1997,3
3/25/1997,M
3/26/1997,0
3/27/1997,0
3/28/1997,0
3/29/1997,0
3/30/1997,0
3/31/1997,3
4/1/1997,M
4/2/1997,0
4/3/1997,0
4/4/1997,0
4/5/1997,0
4/6/1997,0
4/7/1997,0
4/8/1997,0
4/9/1997,3
4/10/1997,M
4/11/1997,0
4/12/1997,0
4/13/1997,0
4/14/1997,0
4/15/1997,0
4/16/1997,0
4/17/1997,0
4/18/1997,1
4/19/1997,M
4/20/1997,M
4/21/1997,0
4/22/1997,0
4/23/1997,0
4/24/1997,0
4/25/1997,0
4/26/1997,0
4/27/1997,0
4/28/1997,0
4/29/1997,0
4/30/1997,0
5/1/1997,0
5/2/1997,0
5/3/1997,0
5/4/1997,0
5/5/1997,0
5/6/1997,0
5/7/1997,0
5/8/1997,0
5/9/1997,0
5/10/1997,0
5/11/1997,0
5/12/1997,0
5/13/1997,0
5/14/1997,0
5/15/1997,0
5/16/1997,0
5/17/1997,0
5/18/1997,0
5/19/1997,0
5/20/1997,0
5/21/1997,0
5/22/1997,0
5/23/1997,0
5/24/1997,0
5/25/1997,0
5/26/1997,0
5/27/1997,0
5/28/1997,0
5/29/1997,0
5/30/1997,0
5/31/1997,0
6/1/1997,0
6/2/1997,0
6/3/1997,0
6/4/1997,0
6/5/1997,0
6/6/1997,0
6/7/1997,0
6/8/1997,0
6/9/1997,0
6/10/1997,0
6/11/1997,0
6/12/1997,0
6/13/1997,0
6/14/1997,0
6/15/1997,0
6/16/1997,0
6/17/1997,0
6/18/1997,0
6/19/1997,0
6/20/1997,0
6/21/1997,0
6/22/1997,0
6/23/1997,0
6/24/1997,0
6/25/1997,0
6/26/1997,0
6/27/1997,0
6/28/1997,0
6/29/1997,0
6/30/1997,0
7/1/1997,0
7/2/1997,0
7/3/1997,0
7/4/1997,0
7/5/1997,0
7/6/1997,0
7/7/1997,0
7/8/1997,0
7/9/1997,0
7/10/1997,0
7/11/1997,0
7/12/1997,0
7/13/1997,0
7/14/1997,0
7/15/1997,0
7/16/1997,0
7/17/1997,0
7/18/1997,0
7/19/1997,0
7/20/1997,0
7/21/1997,0
7/22/1997,0
7/23/1997,0
7/24/1997,0
7/25/1997,0
7/26/1997,0
7/27/1997,0
7/28/1997,0
7/29/1997,0
7/30/1997,0
7/31/1997,0
8/1/1997,M
8/2/1997,0
8/3/1997,0
8/4/1997,0
8/5/1997,0
8/6/1997,0
8/7/1997,0
8/8/1997,0
8/9/1997,0
8/10/1997,0
8/11/1997,0
8/12/1997,0
8/13/1997,0
8/14/1997,0
8/15/1997,0
8/16/1997,0
8/17/1997,0
8/18/1997,0
8/19/1997,0
8/20/1997,0
8/21/1997,0
8/22/1997,0
8/23/1997,0
8/24/1997,0
8/25/1997,0
8/26/1997,0
8/27/1997,0
8/28/1997,0
8/29/1997,0
8/30/1997,0
8/31/1997,0
9/1/1997,0
9/2/1997,0
9/3/1997,0
9/4/1997,0
9/5/1997,0
9/6/1997,0
9/7/1997,0
9/8/1997,0
9/9/1997,0
9/10/1997,0
9/11/1997,0
9/12/1997,0
9/13/1997,0
9/14/1997,0
9/15/1997,0
9/16/1997,0
9/17/1997,0
9/18/1997,0
9/19/1997,0
9/20/1997,0
9/21/1997,0
9/22/1997,0
9/23/1997,0
9/24/1997,0
9/25/1997,0
9/26/1997,0
9/27/1997,0
9/28/1997,0
9/29/1997,0
9/30/1997,0
10/1/1997,0
10/2/1997,0
10/3/1997,0
10/4/1997,0
10/5/1997,0
10/6/1997,0
10/7/1997,0
10/8/1997,0
10/9/1997,0
10/10/1997,0
10/11/1997,0
10/12/1997,0
10/13/1997,0
10/14/1997,0
10/15/1997,0
10/16/1997,0
10/17/1997,0
10/18/1997,0
10/19/1997,0
10/20/1997,0
10/21/1997,0
10/22/1997,M
10/23/1997,2
10/24/1997,M
10/25/1997,M
10/26/1997,0
10/27/1997,0
10/28/1997,0
10/29/1997,0
10/30/1997,0
10/31/1997,0
11/1/1997,0
11/2/1997,0
11/3/1997,0
11/4/1997,0
11/5/1997,0
11/6/1997,0
11/7/1997,0
11/8/1997,0
11/9/1997,0
11/10/1997,0
11/11/1997,0
11/12/1997,4
11/13/1997,2
11/14/1997,3
11/15/1997,2
11/16/1997,9
11/17/1997,9
11/18/1997,7
11/19/1997,5
11/20/1997,3
11/21/1997,M
11/22/1997,0
11/23/1997,0
11/24/1997,5
11/25/1997,4
11/26/1997,M
11/27/1997,0
11/28/1997,0
11/29/1997,0
11/30/1997,0
12/1/1997,0
12/2/1997,M
12/3/1997,0
12/4/1997,0
12/5/1997,1
12/6/1997,6
12/7/1997,8
12/8/1997,7
12/9/1997,5
12/10/1997,4
12/11/1997,5
12/12/1997,6
12/13/1997,5
12/14/1997,5
12/15/1997,5
12/16/1997,3
12/17/1997,3
12/18/1997,2
12/19/1997,2
12/20/1997,2
12/21/1997,2
12/22/1997,2
12/23/1997,2
12/24/1997,1
12/25/1997,M
12/26/1997,M
12/27/1997,M
12/28/1997,2
12/29/1997,2
12/30/1997,1
12/31/1997,6
1/1/1998,5
1/2/1998,5
1/3/1998,M
1/4/1998,M
1/5/1998,M
1/6/1998,M
1/7/1998,0
1/8/1998,0
1/9/1998,0
1/10/1998,0
1/11/1998,0
1/12/1998,0
1/13/1998,3
1/14/1998,2
1/15/1998,2
1/16/1998,2
1/17/1998,2
1/18/1998,1
1/19/1998,3
1/20/1998,3
1/21/1998,3
1/22/1998,3
1/23/1998,1
1/24/1998,M
1/25/1998,M
1/26/1998,M
1/27/1998,M
1/28/1998,M
1/29/1998,M
1/30/1998,1
1/31/1998,M
2/1/1998,0
2/2/1998,0
2/3/1998,0
2/4/1998,0
2/5/1998,0
2/6/1998,0
2/7/1998,0
2/8/1998,0
2/9/1998,0
2/10/1998,0
2/11/1998,0
2/12/1998,M
2/13/1998,M
2/14/1998,M
2/15/1998,M
2/16/1998,M
2/17/1998,M
2/18/1998,M
2/19/1998,0
2/20/1998,0
2/21/1998,0
2/22/1998,0
2/23/1998,0
2/24/1998,0
2/25/1998,0
2/26/1998,0
2/27/1998,0
2/28/1998,0
3/1/1998,0
3/2/1998,0
3/3/1998,1
3/4/1998,2
3/5/1998,2
3/6/1998,M
3/7/1998,M
3/8/1998,M
3/9/1998,0
3/10/1998,2
3/11/1998,4
3/12/1998,3
3/13/1998,3
3/14/1998,5
3/15/1998,4
3/16/1998,4
3/17/1998,1
3/18/1998,M
3/19/1998,M
3/20/1998,0
3/21/1998,M
3/22/1998,1
3/23/1998,1
3/24/1998,M
3/25/1998,M
3/26/1998,M
3/27/1998,0
3/28/1998,0
3/29/1998,0
3/30/1998,0
3/31/1998,0
4/1/1998,0
4/2/1998,0
4/3/1998,0
4/4/1998,0
4/5/1998,0
4/6/1998,0
4/7/1998,0
4/8/1998,0
4/9/1998,0
4/10/1998,0
4/11/1998,0
4/12/1998,0
4/13/1998,0
4/14/1998,0
4/15/1998,0
4/16/1998,0
4/17/1998,0
4/18/1998,0
4/19/1998,0
4/20/1998,0
4/21/1998,0
4/22/1998,0
4/23/1998,0
4/24/1998,0
4/25/1998,0
4/26/1998,0
4/27/1998,0
4/28/1998,0
4/29/1998,0
4/30/1998,0
5/1/1998,0
5/2/1998,0
5/3/1998,0
5/4/1998,0
5/5/1998,0
5/6/1998,0
5/7/1998,0
5/8/1998,0
5/9/1998,0
5/10/1998,0
5/11/1998,0
5/12/1998,0
5/13/1998,0
5/14/1998,0
5/15/1998,0
5/16/1998,0
5/17/1998,0
5/18/1998,0
5/19/1998,0
5/20/1998,0
5/21/1998,0
5/22/1998,0
5/23/1998,0
5/24/1998,0
5/25/1998,0
5/26/1998,0
5/27/1998,0
5/28/1998,0
5/29/1998,0
5/30/1998,0
5/31/1998,0
6/1/1998,0
6/2/1998,0
6/3/1998,0
6/4/1998,0
6/5/1998,0
6/6/1998,0
6/7/1998,0
6/8/1998,0
6/9/1998,0
6/10/1998,0
6/11/1998,0
6/12/1998,0
6/13/1998,0
6/14/1998,0
6/15/1998,0
6/16/1998,0
6/17/1998,0
6/18/1998,0
6/19/1998,0
6/20/1998,0
6/21/1998,0
6/22/1998,0
6/23/1998,0
6/24/1998,0
6/25/1998,0
6/26/1998,0
6/27/1998,0
6/28/1998,0
6/29/1998,0
6/30/1998,0
7/1/1998,0
7/2/1998,0
7/3/1998,0
7/4/1998,0
7/5/1998,0
7/6/1998,0
7/7/1998,0
7/8/1998,0
7/9/1998,0
7/10/1998,0
7/11/1998,0
7/12/1998,0
7/13/1998,0
7/14/1998,0
7/15/1998,0
7/16/1998,0
7/17/1998,0
7/18/1998,0
7/19/1998,0
7/20/1998,0
7/21/1998,0
7/22/1998,M
7/23/1998,0
7/24/1998,0
7/25/1998,0
7/26/1998,0
7/27/1998,0
7/28/1998,0
7/29/1998,0
7/30/1998,0
7/31/1998,0
8/1/1998,0
8/2/1998,0
8/3/1998,0
8/4/1998,0
8/5/1998,0
8/6/1998,0
8/7/1998,0
8/8/1998,0
8/9/1998,0
8/10/1998,0
8/11/1998,0
8/12/1998,0
8/13/1998,0
8/14/1998,0
8/15/1998,0
8/16/1998,0
8/17/1998,0
8/18/1998,0
8/19/1998,0
8/20/1998,0
8/21/1998,0
8/22/1998,0
8/23/1998,0
8/24/1998,0
8/25/1998,0
8/26/1998,0
8/27/1998,0
8/28/1998,0
8/29/1998,0
8/30/1998,0
8/31/1998,0
9/1/1998,0
9/2/1998,0
9/3/1998,0
9/4/1998,0
9/5/1998,0
9/6/1998,0
9/7/1998,0
9/8/1998,0
9/9/1998,0
9/10/1998,0
9/11/1998,0
9/12/1998,0
9/13/1998,0
9/14/1998,0
9/15/1998,0
9/16/1998,0
9/17/1998,0
9/18/1998,0
9/19/1998,0
9/20/1998,0
9/21/1998,0
9/22/1998,0
9/23/1998,0
9/24/1998,0
9/25/1998,0
9/26/1998,0
9/27/1998,0
9/28/1998,0
9/29/1998,0
9/30/1998,0
10/1/1998,M
10/2/1998,M
10/3/1998,M
10/4/1998,M
10/5/1998,M
10/6/1998,M
10/7/1998,M
10/8/1998,M
10/9/1998,M
10/10/1998,M
10/11/1998,M
10/12/1998,M
10/13/1998,M
10/14/1998,M
10/15/1998,M
10/16/1998,M
10/17/1998,M
10/18/1998,M
10/19/1998,M
10/20/1998,M
10/21/1998,M
10/22/1998,M
10/23/1998,M
10/24/1998,M
10/25/1998,M
10/26/1998,M
10/27/1998,M
10/28/1998,M
10/29/1998,M
10/30/1998,M
10/31/1998,M
11/1/1998,0
11/2/1998,0
11/3/1998,0
11/4/1998,0
11/5/1998,0
11/6/1998,M
11/7/1998,M
11/8/1998,M
11/9/1998,0
11/10/1998,0
11/11/1998,0
11/12/1998,0
11/13/1998,0
11/14/1998,0
11/15/1998,0
11/16/1998,0
11/17/1998,0
11/18/1998,0
11/19/1998,0
11/20/1998,0
11/21/1998,M
11/22/1998,M
11/23/1998,M
11/24/1998,M
11/25/1998,0
11/26/1998,0
11/27/1998,0
11/28/1998,0
11/29/1998,0
11/30/1998,0
12/1/1998,0
12/2/1998,0
12/3/1998,0
12/4/1998,0
12/5/1998,0
12/6/1998,0
12/7/1998,0
12/8/1998,0
12/9/1998,0
12/10/1998,0
12/11/1998,0
12/12/1998,0
12/13/1998,0
12/14/1998,0
12/15/1998,0
12/16/1998,0
12/17/1998,4
12/18/1998,4
12/19/1998,1
12/20/1998,M
12/21/1998,0
12/22/1998,M
12/23/1998,6
12/24/1998,4
12/25/1998,4
12/26/1998,4
12/27/1998,3
12/28/1998,1
12/29/1998,1
12/30/1998,4
12/31/1998,5
1/1/1999,9
1/2/1999,7
1/3/1999,8
1/4/1999,8
1/5/1999,9
1/6/1999,8
1/7/1999,12
1/8/1999,13
1/9/1999,15
1/10/1999,16
1/11/1999,18
1/12/1999,19
1/13/1999,18
1/14/1999,20
1/15/1999,22
1/16/1999,19
1/17/1999,15
1/18/1999,13
1/19/1999,12
1/20/1999,9
1/21/1999,9
1/22/1999,7
1/23/1999,5
1/24/1999,1
1/25/1999,3
1/26/1999,2
1/27/1999,2
1/28/1999,M
1/29/1999,M
1/30/1999,M
1/31/1999,M
2/1/1999,0
2/2/1999,0
2/3/1999,0
2/4/1999,0
2/5/1999,0
2/6/1999,0
2/7/1999,0
2/8/1999,1
2/9/1999,M
2/10/1999,M
2/11/1999,0
2/12/1999,0
2/13/1999,6
2/14/1999,6
2/15/1999,3
2/16/1999,M
2/17/1999,0
2/18/1999,M
2/19/1999,0
2/20/1999,M
2/21/1999,1
2/22/1999,M
2/23/1999,0
2/24/1999,M
2/25/1999,2
2/26/1999,2
2/27/1999,2
2/28/1999,0
3/1/1999,2
3/2/1999,3
3/3/1999,M
3/4/1999,M
3/5/1999,M
3/6/1999,5
3/7/1999,10
3/8/1999,9
3/9/1999,7
3/10/1999,8
3/11/1999,6
3/12/1999,4
3/13/1999,3
3/14/1999,3
3/15/1999,3
3/16/1999,2
3/17/1999,2
3/18/1999,M
3/19/1999,0
3/20/1999,0
3/21/1999,0
3/22/1999,1
3/23/1999,M
3/24/1999,0
3/25/1999,0
3/26/1999,0
3/27/1999,0
3/28/1999,0
3/29/1999,0
3/30/1999,0
3/31/1999,0
4/1/1999,0
4/2/1999,0
4/3/1999,0
4/4/1999,0
4/5/1999,0
4/6/1999,0
4/7/1999,0
4/8/1999,0
4/9/1999,0
4/10/1999,0
4/11/1999,0
4/12/1999,0
4/13/1999,0
4/14/1999,0
4/15/1999,0
4/16/1999,0
4/17/1999,0
4/18/1999,0
4/19/1999,0
4/20/1999,0
4/21/1999,0
4/22/1999,0
4/23/1999,0
4/24/1999,0
4/25/1999,0
4/26/1999,0
4/27/1999,0
4/28/1999,0
4/29/1999,0
4/30/1999,0
5/1/1999,0
5/2/1999,0
5/3/1999,0
5/4/1999,0
5/5/1999,0
5/6/1999,0
5/7/1999,0
5/8/1999,0
5/9/1999,0
5/10/1999,0
5/11/1999,0
5/12/1999,0
5/13/1999,0
5/14/1999,0
5/15/1999,0
5/16/1999,0
5/17/1999,0
5/18/1999,0
5/19/1999,0
5/20/1999,0
5/21/1999,0
5/22/1999,0
5/23/1999,0
5/24/1999,0
5/25/1999,0
5/26/1999,0
5/27/1999,0
5/28/1999,0
5/29/1999,0
5/30/1999,0
5/31/1999,0
6/1/1999,0
6/2/1999,0
6/3/1999,0
6/4/1999,0
6/5/1999,0
6/6/1999,0
6/7/1999,0
6/8/1999,0
6/9/1999,0
6/10/1999,0
6/11/1999,0
6/12/1999,0
6/13/1999,0
6/14/1999,0
6/15/1999,0
6/16/1999,0
6/17/1999,0
6/18/1999,0
6/19/1999,0
6/20/1999,0
6/21/1999,0
6/22/1999,0
6/23/1999,0
6/24/1999,0
6/25/1999,0
6/26/1999,0
6/27/1999,0
6/28/1999,0
6/29/1999,0
6/30/1999,0
7/1/1999,0
7/2/1999,0
7/3/1999,0
7/4/1999,0
7/5/1999,0
7/6/1999,0
7/7/1999,0
7/8/1999,0
7/9/1999,0
7/10/1999,0
7/11/1999,0
7/12/1999,0
7/13/1999,0
7/14/1999,0
7/15/1999,0
7/16/1999,0
7/17/1999,0
7/18/1999,0
7/19/1999,0
7/20/1999,0
7/21/1999,0
7/22/1999,0
7/23/1999,0
7/24/1999,0
7/25/1999,0
7/26/1999,0
7/27/1999,0
7/28/1999,0
7/29/1999,0
7/30/1999,0
7/31/1999,0
8/1/1999,0
8/2/1999,0
8/3/1999,0
8/4/1999,0
8/5/1999,0
8/6/1999,0
8/7/1999,0
8/8/1999,0
8/9/1999,0
8/10/1999,0
8/11/1999,0
8/12/1999,0
8/13/1999,0
8/14/1999,0
8/15/1999,0
8/16/1999,0
8/17/1999,0
8/18/1999,0
8/19/1999,0
8/20/1999,0
8/21/1999,0
8/22/1999,0
8/23/1999,0
8/24/1999,0
8/25/1999,0
8/26/1999,0
8/27/1999,0
8/28/1999,0
8/29/1999,0
8/30/1999,0
8/31/1999,0
9/1/1999,0
9/2/1999,0
9/3/1999,0
9/4/1999,0
9/5/1999,0
9/6/1999,0
9/7/1999,0
9/8/1999,0
9/9/1999,0
9/10/1999,0
9/11/1999,0
9/12/1999,0
9/13/1999,0
9/14/1999,0
9/15/1999,0
9/16/1999,0
9/17/1999,0
9/18/1999,0
9/19/1999,0
9/20/1999,0
9/21/1999,0
9/22/1999,0
9/23/1999,0
9/24/1999,0
9/25/1999,0
9/26/1999,0
9/27/1999,0
9/28/1999,0
9/29/1999,0
9/30/1999,0
10/1/1999,0
10/2/1999,0
10/3/1999,0
10/4/1999,0
10/5/1999,0
10/6/1999,0
10/7/1999,0
10/8/1999,0
10/9/1999,0
10/10/1999,0
10/11/1999,0
10/12/1999,0
10/13/1999,0
10/14/1999,0
10/15/1999,0
10/16/1999,0
10/17/1999,0
10/18/1999,0
10/19/1999,0
10/20/1999,0
10/21/1999,0
10/22/1999,0
10/23/1999,M
10/24/1999,0
10/25/1999,0
10/26/1999,0
10/27/1999,0
10/28/1999,0
10/29/1999,0
10/30/1999,0
10/31/1999,0
11/1/1999,0
11/2/1999,0
11/3/1999,2
11/4/1999,5
11/5/1999,1
11/6/1999,M
11/7/1999,M
11/8/1999,0
11/9/1999,0
11/10/1999,0
11/11/1999,0
11/12/1999,0
11/13/1999,0
11/14/1999,0
11/15/1999,0
11/16/1999,0
11/17/1999,0
11/18/1999,0
11/19/1999,0
11/20/1999,0
11/21/1999,0
11/22/1999,0
11/23/1999,0
11/24/1999,0
11/25/1999,0
11/26/1999,0
11/27/1999,0
11/28/1999,0
11/29/1999,0
11/30/1999,3
12/1/1999,2
12/2/1999,2
12/3/1999,M
12/4/1999,M
12/5/1999,0
12/6/1999,0
12/7/1999,0
12/8/1999,0
12/9/1999,0
12/10/1999,0
12/11/1999,0
12/12/1999,0
12/13/1999,0
12/14/1999,0
12/15/1999,0
12/16/1999,M
12/17/1999,1
12/18/1999,1
12/19/1999,M
12/20/1999,M
12/21/1999,M
12/22/1999,0
12/23/1999,0
12/24/1999,5
12/25/1999,5
12/26/1999,5
12/27/1999,4
12/28/1999,6
12/29/1999,7
12/30/1999,5
12/31/1999,3
1/1/2000,3
1/2/2000,2
1/3/2000,M
1/4/2000,M
1/5/2000,3
1/6/2000,1
1/7/2000,M
1/8/2000,1
1/9/2000,M
1/10/2000,M
1/11/2000,0
1/12/2000,0
1/13/2000,1
1/14/2000,4
1/15/2000,4
1/16/2000,3
1/17/2000,4
1/18/2000,3
1/19/2000,4
1/20/2000,6
1/21/2000,9
1/22/2000,13
1/23/2000,11
1/24/2000,10
1/25/2000,9
1/26/2000,11
1/27/2000,17
1/28/2000,13
1/29/2000,12
1/30/2000,9
1/31/2000,9
2/1/2000,8
2/2/2000,11
2/3/2000,10
2/4/2000,8
2/5/2000,8
2/6/2000,8
2/7/2000,7
2/8/2000,7
2/9/2000,6
2/10/2000,4
2/11/2000,4
2/12/2000,3
2/13/2000,3
2/14/2000,3
2/15/2000,5
2/16/2000,4
2/17/2000,4
2/18/2000,4
2/19/2000,4
2/20/2000,5
2/21/2000,5
2/22/2000,4
2/23/2000,3
2/24/2000,M
2/25/2000,0
2/26/2000,0
2/27/2000,0
2/28/2000,0
2/29/2000,0
3/1/2000,0
3/2/2000,0
3/3/2000,0
3/4/2000,0
3/5/2000,0
3/6/2000,0
3/7/2000,0
3/8/2000,0
3/9/2000,0
3/10/2000,M
3/11/2000,0
3/12/2000,4
3/13/2000,3
3/14/2000,M
3/15/2000,0
3/16/2000,0
3/17/2000,2
3/18/2000,M
3/19/2000,0
3/20/2000,0
3/21/2000,0
3/22/2000,0
3/23/2000,0
3/24/2000,0
3/25/2000,0
3/26/2000,0
3/27/2000,0
3/28/2000,0
3/29/2000,M
3/30/2000,0
3/31/2000,0
4/1/2000,0
4/2/2000,0
4/3/2000,0
4/4/2000,0
4/5/2000,M
4/6/2000,0
4/7/2000,0
4/8/2000,0
4/9/2000,M
4/10/2000,M
4/11/2000,M
4/12/2000,M
4/13/2000,0
4/14/2000,0
4/15/2000,0
4/16/2000,0
4/17/2000,0
4/18/2000,0
4/19/2000,0
4/20/2000,0
4/21/2000,0
4/22/2000,0
4/23/2000,0
4/24/2000,0
4/25/2000,0
4/26/2000,0
4/27/2000,0
4/28/2000,0
4/29/2000,0
4/30/2000,0
5/1/2000,0
5/2/2000,0
5/3/2000,0
5/4/2000,0
5/5/2000,0
5/6/2000,0
5/7/2000,0
5/8/2000,0
5/9/2000,0
5/10/2000,0
5/11/2000,0
5/12/2000,0
5/13/2000,0
5/14/2000,0
5/15/2000,0
5/16/2000,0
5/17/2000,0
5/18/2000,0
5/19/2000,0
5/20/2000,0
5/21/2000,0
5/22/2000,0
5/23/2000,0
5/24/2000,0
5/25/2000,0
5/26/2000,0
5/27/2000,0
5/28/2000,0
5/29/2000,0
5/30/2000,0
5/31/2000,0
6/1/2000,0
6/2/2000,0
6/3/2000,0
6/4/2000,0
6/5/2000,0
6/6/2000,0
6/7/2000,0
6/8/2000,0
6/9/2000,0
6/10/2000,0
6/11/2000,0
6/12/2000,0
6/13/2000,0
6/14/2000,0
6/15/2000,0
6/16/2000,0
6/17/2000,0
6/18/2000,0
6/19/2000,0
6/20/2000,0
6/21/2000,0
6/22/2000,0
6/23/2000,0
6/24/2000,0
6/25/2000,0
6/26/2000,0
6/27/2000,0
6/28/2000,0
6/29/2000,0
6/30/2000,0
7/1/2000,0
7/2/2000,0
7/3/2000,0
7/4/2000,0
7/5/2000,0
7/6/2000,0
7/7/2000,0
7/8/2000,0
7/9/2000,0
7/10/2000,0
7/11/2000,0
7/12/2000,0
7/13/2000,0
7/14/2000,0
7/15/2000,0
7/16/2000,0
7/17/2000,0
7/18/2000,0
7/19/2000,0
7/20/2000,0
7/21/2000,0
7/22/2000,0
7/23/2000,0
7/24/2000,0
7/25/2000,0
7/26/2000,0
7/27/2000,0
7/28/2000,0
7/29/2000,0
7/30/2000,0
7/31/2000,0
8/1/2000,0
8/2/2000,0
8/3/2000,0
8/4/2000,0
8/5/2000,0
8/6/2000,0
8/7/2000,0
8/8/2000,0
8/9/2000,0
8/10/2000,0
8/11/2000,0
8/12/2000,0
8/13/2000,0
8/14/2000,0
8/15/2000,0
8/16/2000,0
8/17/2000,0
8/18/2000,0
8/19/2000,0
8/20/2000,0
8/21/2000,0
8/22/2000,0
8/23/2000,0
8/24/2000,0
8/25/2000,0
8/26/2000,0
8/27/2000,0
8/28/2000,0
8/29/2000,0
8/30/2000,0
8/31/2000,0
9/1/2000,0
9/2/2000,0
9/3/2000,0
9/4/2000,0
9/5/2000,0
9/6/2000,0
9/7/2000,0
9/8/2000,0
9/9/2000,0
9/10/2000,0
9/11/2000,0
9/12/2000,0
9/13/2000,0
9/14/2000,0
9/15/2000,0
9/16/2000,0
9/17/2000,0
9/18/2000,0
9/19/2000,0
9/20/2000,0
9/21/2000,0
9/22/2000,0
9/23/2000,0
9/24/2000,0
9/25/2000,0
9/26/2000,0
9/27/2000,0
9/28/2000,0
9/29/2000,0
9/30/2000,0
10/1/2000,0
10/2/2000,0
10/3/2000,0
10/4/2000,0
10/5/2000,0
10/6/2000,0
10/7/2000,0
10/8/2000,1
10/9/2000,M
10/10/2000,0
10/11/2000,0
10/12/2000,0
10/13/2000,0
10/14/2000,0
10/15/2000,0
10/16/2000,0
10/17/2000,0
10/18/2000,0
10/19/2000,0
10/20/2000,0
10/21/2000,0
10/22/2000,0
10/23/2000,0
10/24/2000,0
10/25/2000,0
10/26/2000,0
10/27/2000,0
10/28/2000,0
10/29/2000,0
10/30/2000,0
10/31/2000,0
11/1/2000,0
11/2/2000,0
11/3/2000,0
11/4/2000,0
11/5/2000,0
11/6/2000,0
11/7/2000,0
11/8/2000,0
11/9/2000,0
11/10/2000,0
11/11/2000,0
11/12/2000,0
11/13/2000,0
11/14/2000,0
11/15/2000,1
11/16/2000,M
11/17/2000,M
11/18/2000,5
11/19/2000,M
11/20/2000,M
11/21/2000,1
11/22/2000,8
11/23/2000,9
11/24/2000,9
11/25/2000,8
11/26/2000,5
11/27/2000,M
11/28/2000,M
11/29/2000,M
11/30/2000,2
12/1/2000,M
12/2/2000,M
12/3/2000,M
12/4/2000,M
12/5/2000,1
12/6/2000,2
12/7/2000,7
12/8/2000,9
12/9/2000,7
12/10/2000,7
12/11/2000,5
12/12/2000,3
12/13/2000,3
12/14/2000,5
12/15/2000,6
12/16/2000,4
12/17/2000,1
12/18/2000,3
12/19/2000,5
12/20/2000,8
12/21/2000,7
12/22/2000,7
12/23/2000,7
12/24/2000,7
12/25/2000,12
12/26/2000,12
12/27/2000,12
12/28/2000,12
12/29/2000,16
12/30/2000,14
12/31/2000,15
1/1/2001,15
1/2/2001,12
1/3/2001,12
1/4/2001,14
1/5/2001,15
1/6/2001,13
1/7/2001,10
1/8/2001,10
1/9/2001,13
1/10/2001,17
1/11/2001,11
1/12/2001,8
1/13/2001,7
1/14/2001,6
1/15/2001,4
1/16/2001,4
1/17/2001,3
1/18/2001,4
1/19/2001,4
1/20/2001,4
1/21/2001,4
1/22/2001,4
1/23/2001,3
1/24/2001,3
1/25/2001,6
1/26/2001,6
1/27/2001,8
1/28/2001,7
1/29/2001,9
1/30/2001,6
1/31/2001,3
2/1/2001,3
2/2/2001,2
2/3/2001,8
2/4/2001,7
2/5/2001,3
2/6/2001,1
2/7/2001,3
2/8/2001,2
2/9/2001,M
2/10/2001,M
2/11/2001,0
2/12/2001,0
2/13/2001,0
2/14/2001,0
2/15/2001,0
2/16/2001,0
2/17/2001,M
2/18/2001,2
2/19/2001,M
2/20/2001,M
2/21/2001,M
2/22/2001,0
2/23/2001,1
2/24/2001,1
2/25/2001,M
2/26/2001,M
2/27/2001,M
2/28/2001,M
3/1/2001,M
3/2/2001,0
3/3/2001,0
3/4/2001,0
3/5/2001,1
3/6/2001,3
3/7/2001,4
3/8/2001,4
3/9/2001,5
3/10/2001,5
3/11/2001,4
3/12/2001,3
3/13/2001,M
3/14/2001,M
3/15/2001,M
3/16/2001,0
3/17/2001,M
3/18/2001,2
3/19/2001,1
3/20/2001,M
3/21/2001,M
3/22/2001,0
3/23/2001,0
3/24/2001,0
3/25/2001,1
3/26/2001,9
3/27/2001,10
3/28/2001,6
3/29/2001,M
3/30/2001,0
3/31/2001,0
4/1/2001,0
4/2/2001,0
4/3/2001,0
4/4/2001,M
4/5/2001,0
4/6/2001,0
4/7/2001,0
4/8/2001,0
4/9/2001,0
4/10/2001,0
4/11/2001,0
4/12/2001,0
4/13/2001,0
4/14/2001,0
4/15/2001,0
4/16/2001,0
4/17/2001,M
4/18/2001,M
4/19/2001,0
4/20/2001,0
4/21/2001,0
4/22/2001,0
4/23/2001,0
4/24/2001,0
4/25/2001,0
4/26/2001,0
4/27/2001,0
4/28/2001,0
4/29/2001,0
4/30/2001,0
5/1/2001,0
5/2/2001,0
5/3/2001,0
5/4/2001,0
5/5/2001,0
5/6/2001,0
5/7/2001,0
5/8/2001,0
5/9/2001,0
5/10/2001,0
5/11/2001,0
5/12/2001,0
5/13/2001,0
5/14/2001,0
5/15/2001,0
5/16/2001,0
5/17/2001,0
5/18/2001,0
5/19/2001,0
5/20/2001,0
5/21/2001,0
5/22/2001,0
5/23/2001,0
5/24/2001,0
5/25/2001,0
5/26/2001,0
5/27/2001,0
5/28/2001,0
5/29/2001,0
5/30/2001,0
5/31/2001,0
6/1/2001,0
6/2/2001,0
6/3/2001,0
6/4/2001,0
6/5/2001,0
6/6/2001,0
6/7/2001,0
6/8/2001,0
6/9/2001,0
6/10/2001,0
6/11/2001,0
6/12/2001,0
6/13/2001,0
6/14/2001,0
6/15/2001,0
6/16/2001,0
6/17/2001,0
6/18/2001,0
6/19/2001,0
6/20/2001,0
6/21/2001,0
6/22/2001,0
6/23/2001,0
6/24/2001,0
6/25/2001,0
6/26/2001,0
6/27/2001,0
6/28/2001,0
6/29/2001,0
6/30/2001,0
7/1/2001,0
7/2/2001,0
7/3/2001,0
7/4/2001,0
7/5/2001,0
7/6/2001,0
7/7/2001,0
7/8/2001,0
7/9/2001,0
7/10/2001,0
7/11/2001,0
7/12/2001,0
7/13/2001,0
7/14/2001,0
7/15/2001,0
7/16/2001,0
7/17/2001,0
7/18/2001,0
7/19/2001,0
7/20/2001,0
7/21/2001,0
7/22/2001,0
7/23/2001,0
7/24/2001,0
7/25/2001,0
7/26/2001,0
7/27/2001,0
7/28/2001,0
7/29/2001,0
7/30/2001,0
7/31/2001,0
8/1/2001,0
8/2/2001,0
8/3/2001,0
8/4/2001,0
8/5/2001,0
8/6/2001,0
8/7/2001,0
8/8/2001,0
8/9/2001,0
8/10/2001,0
8/11/2001,0
8/12/2001,0
8/13/2001,0
8/14/2001,0
8/15/2001,0
8/16/2001,0
8/17/2001,0
8/18/2001,0
8/19/2001,0
8/20/2001,0
8/21/2001,0
8/22/2001,0
8/23/2001,0
8/24/2001,0
8/25/2001,0
8/26/2001,0
8/27/2001,0
8/28/2001,0
8/29/2001,0
8/30/2001,0
8/31/2001,0
9/1/2001,0
9/2/2001,0
9/3/2001,0
9/4/2001,0
9/5/2001,0
9/6/2001,0
9/7/2001,0
9/8/2001,0
9/9/2001,0
9/10/2001,0
9/11/2001,0
9/12/2001,0
9/13/2001,0
9/14/2001,0
9/15/2001,0
9/16/2001,0
9/17/2001,0
9/18/2001,0
9/19/2001,0
9/20/2001,0
9/21/2001,0
9/22/2001,0
9/23/2001,0
9/24/2001,0
9/25/2001,0
9/26/2001,0
9/27/2001,0
9/28/2001,0
9/29/2001,0
9/30/2001,0
10/1/2001,0
10/2/2001,0
10/3/2001,0
10/4/2001,0
10/5/2001,0
10/6/2001,0
10/7/2001,0
10/8/2001,0
10/9/2001,0
10/10/2001,0
10/11/2001,0
10/12/2001,0
10/13/2001,0
10/14/2001,0
10/15/2001,0
10/16/2001,0
10/17/2001,0
10/18/2001,0
10/19/2001,0
10/20/2001,0
10/21/2001,0
10/22/2001,0
10/23/2001,0
10/24/2001,0
10/25/2001,0
10/26/2001,0
10/27/2001,0
10/28/2001,0
10/29/2001,0
10/30/2001,0
10/31/2001,0
11/1/2001,0
11/2/2001,0
11/3/2001,0
11/4/2001,0
11/5/2001,0
11/6/2001,0
11/7/2001,0
11/8/2001,0
11/9/2001,0
11/10/2001,0
11/11/2001,0
11/12/2001,0
11/13/2001,0
11/14/2001,0
11/15/2001,0
11/16/2001,0
11/17/2001,0
11/18/2001,0
11/19/2001,0
11/20/2001,M
11/21/2001,M
11/22/2001,0
11/23/2001,0
11/24/2001,0
11/25/2001,0
11/26/2001,0
11/27/2001,0
11/28/2001,0
11/29/2001,0
11/30/2001,0
12/1/2001,0
12/2/2001,0
12/3/2001,0
12/4/2001,0
12/5/2001,0
12/6/2001,0
12/7/2001,0
12/8/2001,0
12/9/2001,0
12/10/2001,0
12/11/2001,0
12/12/2001,0
12/13/2001,0
12/14/2001,0
12/15/2001,0
12/16/2001,0
12/17/2001,0
12/18/2001,0
12/19/2001,0
12/20/2001,M
12/21/2001,M
12/22/2001,M
12/23/2001,M
12/24/2001,M
12/25/2001,M
12/26/2001,M
12/27/2001,1
12/28/2001,3
12/29/2001,3
12/30/2001,5
12/31/2001,6
1/1/2002,5
1/2/2002,5
1/3/2002,5
1/4/2002,5
1/5/2002,4
1/6/2002,4
1/7/2002,6
1/8/2002,7
1/9/2002,5
1/10/2002,3
1/11/2002,3
1/12/2002,2
1/13/2002,2
1/14/2002,2
1/15/2002,2
1/16/2002,2
1/17/2002,2
1/18/2002,2
1/19/2002,2
1/20/2002,2
1/21/2002,3
1/22/2002,3
1/23/2002,2
1/24/2002,M
1/25/2002,0
1/26/2002,0
1/27/2002,0
1/28/2002,0
1/29/2002,0
1/30/2002,0
1/31/2002,0
2/1/2002,0
2/2/2002,M
2/3/2002,M
2/4/2002,3
2/5/2002,9
2/6/2002,7
2/7/2002,6
2/8/2002,4
2/9/2002,2
2/10/2002,2
2/11/2002,5
2/12/2002,4
2/13/2002,4
2/14/2002,3
2/15/2002,3
2/16/2002,2
2/17/2002,5
2/18/2002,5
2/19/2002,5
2/20/2002,M
2/21/2002,0
2/22/2002,1
2/23/2002,1
2/24/2002,1
2/25/2002,M
2/26/2002,M
2/27/2002,1
2/28/2002,3
3/1/2002,2
3/2/2002,1
3/3/2002,0
3/4/2002,M
3/5/2002,1
3/6/2002,M
3/7/2002,0
3/8/2002,0
3/9/2002,0
3/10/2002,M
3/11/2002,M
3/12/2002,M
3/13/2002,0
3/14/2002,0
3/15/2002,0
3/16/2002,0
3/17/2002,0
3/18/2002,0
3/19/2002,0
3/20/2002,0
3/21/2002,0
3/22/2002,2
3/23/2002,4
3/24/2002,M
3/25/2002,2
3/26/2002,7
3/27/2002,4
3/28/2002,1
3/29/2002,M
3/30/2002,M
3/31/2002,0
4/1/2002,0
4/2/2002,0
4/3/2002,0
4/4/2002,M
4/5/2002,M
4/6/2002,M
4/7/2002,M
4/8/2002,0
4/9/2002,0
4/10/2002,0
4/11/2002,0
4/12/2002,0
4/13/2002,0
4/14/2002,0
4/15/2002,0
4/16/2002,0
4/17/2002,0
4/18/2002,0
4/19/2002,0
4/20/2002,0
4/21/2002,0
4/22/2002,0
4/23/2002,M
4/24/2002,0
4/25/2002,0
4/26/2002,0
4/27/2002,0
4/28/2002,0
4/29/2002,0
4/30/2002,0
5/1/2002,0
5/2/2002,0
5/3/2002,0
5/4/2002,0
5/5/2002,0
5/6/2002,0
5/7/2002,0
5/8/2002,0
5/9/2002,0
5/10/2002,0
5/11/2002,0
5/12/2002,0
5/13/2002,0
5/14/2002,0
5/15/2002,0
5/16/2002,0
5/17/2002,0
5/18/2002,0
5/19/2002,0
5/20/2002,M
5/21/2002,M
5/22/2002,0
5/23/2002,0
5/24/2002,0
5/25/2002,0
5/26/2002,0
5/27/2002,0
5/28/2002,0
5/29/2002,0
5/30/2002,0
5/31/2002,0
6/1/2002,0
6/2/2002,0
6/3/2002,0
6/4/2002,0
6/5/2002,0
6/6/2002,0
6/7/2002,0
6/8/2002,0
6/9/2002,0
6/10/2002,0
6/11/2002,0
6/12/2002,0
6/13/2002,0
6/14/2002,0
6/15/2002,0
6/16/2002,0
6/17/2002,0
6/18/2002,0
6/19/2002,0
6/20/2002,0
6/21/2002,0
6/22/2002,0
6/23/2002,0
6/24/2002,0
6/25/2002,0
6/26/2002,0
6/27/2002,0
6/28/2002,0
6/29/2002,0
6/30/2002,0
7/1/2002,0
7/2/2002,0
7/3/2002,0
7/4/2002,0
7/5/2002,0
7/6/2002,0
7/7/2002,0
7/8/2002,0
7/9/2002,0
7/10/2002,0
7/11/2002,0
7/12/2002,0
7/13/2002,0
7/14/2002,0
7/15/2002,0
7/16/2002,0
7/17/2002,0
7/18/2002,0
7/19/2002,0
7/20/2002,0
7/21/2002,0
7/22/2002,0
7/23/2002,0
7/24/2002,0
7/25/2002,0
7/26/2002,0
7/27/2002,0
7/28/2002,0
7/29/2002,0
7/30/2002,0
7/31/2002,0
8/1/2002,0
8/2/2002,0
8/3/2002,0
8/4/2002,0
8/5/2002,0
8/6/2002,0
8/7/2002,0
8/8/2002,0
8/9/2002,0
8/10/2002,0
8/11/2002,0
8/12/2002,0
8/13/2002,0
8/14/2002,0
8/15/2002,0
8/16/2002,0
8/17/2002,0
8/18/2002,0
8/19/2002,0
8/20/2002,0
8/21/2002,0
8/22/2002,0
8/23/2002,0
8/24/2002,0
8/25/2002,0
8/26/2002,0
8/27/2002,0
8/28/2002,0
8/29/2002,0
8/30/2002,0
8/31/2002,0
9/1/2002,0
9/2/2002,0
9/3/2002,0
9/4/2002,0
9/5/2002,0
9/6/2002,0
9/7/2002,0
9/8/2002,0
9/9/2002,0
9/10/2002,0
9/11/2002,0
9/12/2002,0
9/13/2002,0
9/14/2002,0
9/15/2002,0
9/16/2002,0
9/17/2002,0
9/18/2002,0
9/19/2002,0
9/20/2002,0
9/21/2002,0
9/22/2002,0
9/23/2002,0
9/24/2002,0
9/25/2002,0
9/26/2002,0
9/27/2002,0
9/28/2002,0
9/29/2002,0
9/30/2002,0
10/1/2002,0
10/2/2002,0
10/3/2002,0
10/4/2002,0
10/5/2002,0
10/6/2002,0
10/7/2002,0
10/8/2002,0
10/9/2002,0
10/10/2002,0
10/11/2002,0
10/12/2002,0
10/13/2002,0
10/14/2002,0
10/15/2002,0
10/16/2002,0
10/17/2002,0
10/18/2002,0
10/19/2002,0
10/20/2002,0
10/21/2002,0
10/22/2002,0
10/23/2002,0
10/24/2002,0
10/25/2002,0
10/26/2002,0
10/27/2002,0
10/28/2002,0
10/29/2002,0
10/30/2002,M
10/31/2002,0
11/1/2002,M
11/2/2002,M
11/3/2002,0
11/4/2002,0
11/5/2002,0
11/6/2002,0
11/7/2002,0
11/8/2002,0
11/9/2002,0
11/10/2002,0
11/11/2002,0
11/12/2002,0
11/13/2002,0
11/14/2002,0
11/15/2002,0
11/16/2002,0
11/17/2002,0
11/18/2002,1
11/19/2002,M
11/20/2002,M
11/21/2002,M
11/22/2002,0
11/23/2002,3
11/24/2002,2
11/25/2002,M
11/26/2002,M
11/27/2002,2
11/28/2002,1
11/29/2002,M
11/30/2002,M
12/1/2002,4
12/2/2002,4
12/3/2002,8
12/4/2002,8
12/5/2002,7
12/6/2002,7
12/7/2002,6
12/8/2002,5
12/9/2002,4
12/10/2002,4
12/11/2002,4
12/12/2002,3
12/13/2002,3
12/14/2002,M
12/15/2002,M
12/16/2002,1
12/17/2002,M
12/18/2002,M
12/19/2002,0
12/20/2002,0
12/21/2002,1
12/22/2002,M
12/23/2002,M
12/24/2002,0
12/25/2002,6
12/26/2002,7
12/27/2002,7
12/28/2002,7
12/29/2002,9
12/30/2002,7
12/31/2002,3
1/1/2003,M
1/2/2003,M
1/3/2003,2
1/4/2003,2
1/5/2003,2
1/6/2003,3
1/7/2003,8
1/8/2003,7
1/9/2003,5
1/10/2003,7
1/11/2003,12
1/12/2003,12
1/13/2003,12
1/14/2003,12
1/15/2003,14
1/16/2003,16
1/17/2003,13
1/18/2003,15
1/19/2003,13
1/20/2003,14
1/21/2003,14
1/22/2003,13
1/23/2003,13
1/24/2003,14
1/25/2003,14
1/26/2003,18
1/27/2003,23
1/28/2003,21
1/29/2003,18
1/30/2003,17
1/31/2003,16
2/1/2003,14
2/2/2003,12
2/3/2003,11
2/4/2003,8
2/5/2003,8
2/6/2003,7
2/7/2003,M
2/8/2003,M
2/9/2003,9
2/10/2003,10
2/11/2003,11
2/12/2003,11
2/13/2003,13
2/14/2003,14
2/15/2003,8
2/16/2003,8
2/17/2003,10
2/18/2003,14
2/19/2003,12
2/20/2003,12
2/21/2003,11
2/22/2003,9
2/23/2003,11
2/24/2003,12
2/25/2003,12
2/26/2003,11
2/27/2003,11
2/28/2003,10
3/1/2003,10
3/2/2003,9
3/3/2003,10
3/4/2003,9
3/5/2003,8
3/6/2003,7
3/7/2003,8
3/8/2003,7
3/9/2003,6
3/10/2003,7
3/11/2003,7
3/12/2003,6
3/13/2003,5
3/14/2003,5
3/15/2003,M
3/16/2003,M
3/17/2003,M
3/18/2003,0
3/19/2003,0
3/20/2003,0
3/21/2003,0
3/22/2003,0
3/23/2003,0
3/24/2003,0
3/25/2003,0
3/26/2003,0
3/27/2003,0
3/28/2003,0
3/29/2003,0
3/30/2003,0
3/31/2003,M
4/1/2003,M
4/2/2003,0
4/3/2003,0
4/4/2003,0
4/5/2003,0
4/6/2003,0
4/7/2003,0
4/8/2003,M
4/9/2003,0
4/10/2003,0
4/11/2003,0
4/12/2003,0
4/13/2003,0
4/14/2003,0
4/15/2003,0
4/16/2003,0
4/17/2003,0
4/18/2003,0
4/19/2003,0
4/20/2003,0
4/21/2003,0
4/22/2003,0
4/23/2003,0
4/24/2003,0
4/25/2003,0
4/26/2003,0
4/27/2003,0
4/28/2003,0
4/29/2003,0
4/30/2003,0
5/1/2003,0
5/2/2003,0
5/3/2003,0
5/4/2003,0
5/5/2003,0
5/6/2003,M
5/7/2003,0
5/8/2003,0
5/9/2003,0
5/10/2003,0
5/11/2003,0
5/12/2003,0
5/13/2003,0
5/14/2003,0
5/15/2003,0
5/16/2003,0
5/17/2003,0
5/18/2003,0
5/19/2003,0
5/20/2003,0
5/21/2003,0
5/22/2003,0
5/23/2003,0
5/24/2003,0
5/25/2003,0
5/26/2003,0
5/27/2003,0
5/28/2003,0
5/29/2003,0
5/30/2003,0
5/31/2003,0
6/1/2003,0
6/2/2003,0
6/3/2003,0
6/4/2003,0
6/5/2003,0
6/6/2003,0
6/7/2003,0
6/8/2003,0
6/9/2003,0
6/10/2003,0
6/11/2003,0
6/12/2003,0
6/13/2003,0
6/14/2003,0
6/15/2003,0
6/16/2003,0
6/17/2003,0
6/18/2003,0
6/19/2003,0
6/20/2003,0
6/21/2003,0
6/22/2003,0
6/23/2003,0
6/24/2003,0
6/25/2003,0
6/26/2003,0
6/27/2003,0
6/28/2003,0
6/29/2003,0
6/30/2003,0
7/1/2003,0
7/2/2003,0
7/3/2003,0
7/4/2003,0
7/5/2003,0
7/6/2003,0
7/7/2003,0
7/8/2003,0
7/9/2003,0
7/10/2003,0
7/11/2003,0
7/12/2003,0
7/13/2003,0
7/14/2003,0
7/15/2003,0
7/16/2003,0
7/17/2003,0
7/18/2003,0
7/19/2003,0
7/20/2003,0
7/21/2003,0
7/22/2003,0
7/23/2003,0
7/24/2003,0
7/25/2003,0
7/26/2003,0
7/27/2003,0
7/28/2003,0
7/29/2003,0
7/30/2003,0
7/31/2003,0
8/1/2003,0
8/2/2003,0
8/3/2003,0
8/4/2003,0
8/5/2003,0
8/6/2003,0
8/7/2003,0
8/8/2003,0
8/9/2003,0
8/10/2003,0
8/11/2003,0
8/12/2003,0
8/13/2003,0
8/14/2003,0
8/15/2003,0
8/16/2003,0
8/17/2003,0
8/18/2003,0
8/19/2003,0
8/20/2003,0
8/21/2003,0
8/22/2003,0
8/23/2003,0
8/24/2003,0
8/25/2003,0
8/26/2003,0
8/27/2003,0
8/28/2003,0
8/29/2003,0
8/30/2003,0
8/31/2003,0
9/1/2003,0
9/2/2003,0
9/3/2003,0
9/4/2003,0
9/5/2003,0
9/6/2003,0
9/7/2003,0
9/8/2003,0
9/9/2003,0
9/10/2003,0
9/11/2003,0
9/12/2003,0
9/13/2003,0
9/14/2003,0
9/15/2003,0
9/16/2003,0
9/17/2003,0
9/18/2003,0
9/19/2003,0
9/20/2003,0
9/21/2003,0
9/22/2003,0
9/23/2003,0
9/24/2003,0
9/25/2003,0
9/26/2003,0
9/27/2003,0
9/28/2003,0
9/29/2003,0
9/30/2003,0
10/1/2003,0
10/2/2003,M
10/3/2003,M
10/4/2003,0
10/5/2003,0
10/6/2003,0
10/7/2003,0
10/8/2003,0
10/9/2003,0
10/10/2003,0
10/11/2003,0
10/12/2003,0
10/13/2003,0
10/14/2003,0
10/15/2003,0
10/16/2003,0
10/17/2003,0
10/18/2003,0
10/19/2003,0
10/20/2003,0
10/21/2003,0
10/22/2003,0
10/23/2003,0
10/24/2003,0
10/25/2003,0
10/26/2003,0
10/27/2003,0
10/28/2003,0
10/29/2003,0
10/30/2003,0
10/31/2003,0
11/1/2003,0
11/2/2003,0
11/3/2003,0
11/4/2003,0
11/5/2003,0
11/6/2003,0
11/7/2003,0
11/8/2003,0
11/9/2003,M
11/10/2003,0
11/11/2003,0
11/12/2003,0
11/13/2003,M
11/14/2003,M
11/15/2003,0
11/16/2003,0
11/17/2003,0
11/18/2003,0
11/19/2003,0
11/20/2003,0
11/21/2003,0
11/22/2003,0
11/23/2003,0
11/24/2003,0
11/25/2003,M
11/26/2003,0
11/27/2003,0
11/28/2003,0
11/29/2003,4
11/30/2003,3
12/1/2003,M
12/2/2003,M
12/3/2003,0
12/4/2003,0
12/5/2003,1
12/6/2003,6
12/7/2003,7
12/8/2003,6
12/9/2003,6
12/10/2003,M
12/11/2003,0
12/12/2003,M
12/13/2003,5
12/14/2003,6
12/15/2003,5
12/16/2003,5
12/17/2003,M
12/18/2003,14
12/19/2003,17
12/20/2003,12
12/21/2003,10
12/22/2003,8
12/23/2003,3
12/24/2003,2
12/25/2003,4
12/26/2003,5
12/27/2003,5
12/28/2003,3
12/29/2003,2
12/30/2003,0
12/31/2003,M
1/1/2004,0
1/2/2004,0
1/3/2004,0
1/4/2004,0
1/5/2004,1
1/6/2004,5
1/7/2004,6
1/8/2004,8
1/9/2004,8
1/10/2004,7
1/11/2004,7
1/12/2004,5
1/13/2004,5
1/14/2004,5
1/15/2004,10
1/16/2004,12
1/17/2004,12
1/18/2004,9
1/19/2004,9
1/20/2004,12
1/21/2004,13
1/22/2004,11
1/23/2004,12
1/24/2004,11
1/25/2004,11
1/26/2004,11
1/27/2004,9
1/28/2004,16
1/29/2004,21
1/30/2004,19
1/31/2004,16
2/1/2004,16
2/2/2004,15
2/3/2004,10
2/4/2004,11
2/5/2004,9
2/6/2004,9
2/7/2004,10
2/8/2004,13
2/9/2004,13
2/10/2004,11
2/11/2004,12
2/12/2004,11
2/13/2004,10
2/14/2004,9
2/15/2004,8
2/16/2004,8
2/17/2004,8
2/18/2004,7
2/19/2004,5
2/20/2004,4
2/21/2004,4
2/22/2004,5
2/23/2004,5
2/24/2004,5
2/25/2004,5
2/26/2004,4
2/27/2004,4
2/28/2004,2
2/29/2004,2
3/1/2004,M
3/2/2004,M
3/3/2004,0
3/4/2004,0
3/5/2004,0
3/6/2004,0
3/7/2004,0
3/8/2004,2
3/9/2004,2
3/10/2004,M
3/11/2004,M
3/12/2004,4
3/13/2004,7
3/14/2004,2
3/15/2004,M
3/16/2004,1
3/17/2004,9
3/18/2004,7
3/19/2004,5
3/20/2004,3
3/21/2004,1
3/22/2004,6
3/23/2004,4
3/24/2004,M
3/25/2004,M
3/26/2004,M
3/27/2004,0
3/28/2004,0
3/29/2004,0
3/30/2004,0
3/31/2004,0
4/1/2004,0
4/2/2004,M
4/3/2004,0
4/4/2004,1
4/5/2004,M
4/6/2004,M
4/7/2004,0
4/8/2004,0
4/9/2004,0
4/10/2004,0
4/11/2004,0
4/12/2004,0
4/13/2004,0
4/14/2004,M
4/15/2004,0
4/16/2004,0
4/17/2004,0
4/18/2004,0
4/19/2004,0
4/20/2004,0
4/21/2004,0
4/22/2004,0
4/23/2004,0
4/24/2004,0
4/25/2004,0
4/26/2004,0
4/27/2004,0
4/28/2004,M
4/29/2004,0
4/30/2004,0
5/1/2004,0
5/2/2004,0
5/3/2004,0
5/4/2004,0
5/5/2004,0
5/6/2004,0
5/7/2004,0
5/8/2004,0
5/9/2004,0
5/10/2004,0
5/11/2004,0
5/12/2004,0
5/13/2004,0
5/14/2004,0
5/15/2004,0
5/16/2004,0
5/17/2004,0
5/18/2004,0
5/19/2004,0
5/20/2004,0
5/21/2004,0
5/22/2004,0
5/23/2004,0
5/24/2004,0
5/25/2004,0
5/26/2004,0
5/27/2004,0
5/28/2004,0
5/29/2004,0
5/30/2004,0
5/31/2004,0
6/1/2004,0
6/2/2004,0
6/3/2004,0
6/4/2004,0
6/5/2004,0
6/6/2004,0
6/7/2004,0
6/8/2004,0
6/9/2004,0
6/10/2004,0
6/11/2004,0
6/12/2004,0
6/13/2004,0
6/14/2004,0
6/15/2004,0
6/16/2004,0
6/17/2004,0
6/18/2004,0
6/19/2004,0
6/20/2004,0
6/21/2004,0
6/22/2004,0
6/23/2004,0
6/24/2004,0
6/25/2004,0
6/26/2004,0
6/27/2004,0
6/28/2004,0
6/29/2004,0
6/30/2004,0
7/1/2004,0
7/2/2004,0
7/3/2004,0
7/4/2004,0
7/5/2004,0
7/6/2004,0
7/7/2004,0
7/8/2004,0
7/9/2004,0
7/10/2004,0
7/11/2004,0
7/12/2004,0
7/13/2004,0
7/14/2004,0
7/15/2004,0
7/16/2004,0
7/17/2004,0
7/18/2004,0
7/19/2004,0
7/20/2004,0
7/21/2004,0
7/22/2004,0
7/23/2004,0
7/24/2004,0
7/25/2004,0
7/26/2004,0
7/27/2004,0
7/28/2004,0
7/29/2004,0
7/30/2004,0
7/31/2004,0
8/1/2004,0
8/2/2004,0
8/3/2004,0
8/4/2004,0
8/5/2004,0
8/6/2004,0
8/7/2004,0
8/8/2004,0
8/9/2004,0
8/10/2004,0
8/11/2004,0
8/12/2004,0
8/13/2004,0
8/14/2004,0
8/15/2004,0
8/16/2004,0
8/17/2004,0
8/18/2004,0
8/19/2004,0
8/20/2004,0
8/21/2004,0
8/22/2004,0
8/23/2004,0
8/24/2004,0
8/25/2004,0
8/26/2004,0
8/27/2004,0
8/28/2004,0
8/29/2004,0
8/30/2004,0
8/31/2004,0
9/1/2004,0
9/2/2004,0
9/3/2004,0
9/4/2004,0
9/5/2004,0
9/6/2004,0
9/7/2004,0
9/8/2004,0
9/9/2004,0
9/10/2004,0
9/11/2004,0
9/12/2004,0
9/13/2004,0
9/14/2004,0
9/15/2004,0
9/16/2004,0
9/17/2004,0
9/18/2004,0
9/19/2004,0
9/20/2004,0
9/21/2004,0
9/22/2004,0
9/23/2004,0
9/24/2004,0
9/25/2004,0
9/26/2004,0
9/27/2004,0
9/28/2004,0
9/29/2004,0
9/30/2004,0
10/1/2004,0
10/2/2004,0
10/3/2004,0
10/4/2004,0
10/5/2004,0
10/6/2004,0
10/7/2004,0
10/8/2004,0
10/9/2004,0
10/10/2004,0
10/11/2004,0
10/12/2004,0
10/13/2004,0
10/14/2004,0
10/15/2004,0
10/16/2004,0
10/17/2004,0
10/18/2004,0
10/19/2004,0
10/20/2004,0
10/21/2004,0
10/22/2004,0
10/23/2004,0
10/24/2004,0
10/25/2004,0
10/26/2004,0
10/27/2004,0
10/28/2004,0
10/29/2004,0
10/30/2004,0
10/31/2004,0
11/1/2004,0
11/2/2004,0
11/3/2004,0
11/4/2004,0
11/5/2004,0
11/6/2004,0
11/7/2004,0
11/8/2004,0
11/9/2004,0
11/10/2004,0
11/11/2004,0
11/12/2004,0
11/13/2004,0
11/14/2004,0
11/15/2004,0
11/16/2004,0
11/17/2004,0
11/18/2004,0
11/19/2004,0
11/20/2004,0
11/21/2004,0
11/22/2004,0
11/23/2004,0
11/24/2004,0
11/25/2004,0
11/26/2004,M
11/27/2004,0
11/28/2004,0
11/29/2004,0
11/30/2004,0
12/1/2004,0
12/2/2004,0
12/3/2004,M
12/4/2004,0
12/5/2004,0
12/6/2004,0
12/7/2004,0
12/8/2004,0
12/9/2004,0
12/10/2004,0
12/11/2004,0
12/12/2004,M
12/13/2004,6
12/14/2004,18
12/15/2004,18
12/16/2004,16
12/17/2004,15
12/18/2004,15
12/19/2004,13
12/20/2004,15
12/21/2004,12
12/22/2004,8
12/23/2004,17
12/24/2004,20
12/25/2004,21
12/26/2004,19
12/27/2004,19
12/28/2004,17
12/29/2004,15
12/30/2004,13
12/31/2004,7
1/1/2005,M
1/2/2005,M
1/3/2005,M
1/4/2005,M
1/5/2005,2
1/6/2005,3
1/7/2005,3
1/8/2005,4
1/9/2005,4
1/10/2005,3
1/11/2005,4
1/12/2005,2
1/13/2005,M
1/14/2005,2
1/15/2005,1
1/16/2005,1
1/17/2005,6
1/18/2005,5
1/19/2005,7
1/20/2005,7
1/21/2005,4
1/22/2005,5
1/23/2005,13
1/24/2005,15
1/25/2005,14
1/26/2005,10
1/27/2005,8
1/28/2005,8
1/29/2005,8
1/30/2005,8
1/31/2005,8
2/1/2005,7
2/2/2005,7
2/3/2005,7
2/4/2005,7
2/5/2005,7
2/6/2005,7
2/7/2005,6
2/8/2005,6
2/9/2005,3
2/10/2005,3
2/11/2005,7
2/12/2005,6
2/13/2005,5
2/14/2005,3
2/15/2005,M
2/16/2005,3
2/17/2005,5
2/18/2005,4
2/19/2005,2
2/20/2005,2
2/21/2005,4
2/22/2005,3
2/23/2005,5
2/24/2005,M
2/25/2005,5
2/26/2005,4
2/27/2005,4
2/28/2005,4
3/1/2005,7
3/2/2005,11
3/3/2005,10
3/4/2005,9
3/5/2005,7
3/6/2005,7
3/7/2005,5
3/8/2005,4
3/9/2005,5
3/10/2005,6
3/11/2005,7
3/12/2005,6
3/13/2005,7
3/14/2005,7
3/15/2005,6
3/16/2005,4
3/17/2005,4
3/18/2005,3
3/19/2005,3
3/20/2005,1
3/21/2005,1
3/22/2005,M
3/23/2005,M
3/24/2005,M
3/25/2005,0
3/26/2005,0
3/27/2005,0
3/28/2005,0
3/29/2005,0
3/30/2005,0
3/31/2005,0
4/1/2005,0
4/2/2005,1
4/3/2005,8
4/4/2005,9
4/5/2005,5
4/6/2005,M
4/7/2005,0
4/8/2005,0
4/9/2005,0
4/10/2005,0
4/11/2005,0
4/12/2005,0
4/13/2005,0
4/14/2005,0
4/15/2005,0
4/16/2005,0
4/17/2005,0
4/18/2005,0
4/19/2005,0
4/20/2005,0
4/21/2005,0
4/22/2005,0
4/23/2005,0
4/24/2005,6
4/25/2005,11
4/26/2005,6
4/27/2005,M
4/28/2005,0
4/29/2005,M
4/30/2005,0
5/1/2005,0
5/2/2005,M
5/3/2005,M
5/4/2005,0
5/5/2005,0
5/6/2005,0
5/7/2005,0
5/8/2005,0
5/9/2005,0
5/10/2005,0
5/11/2005,0
5/12/2005,0
5/13/2005,0
5/14/2005,0
5/15/2005,0
5/16/2005,0
5/17/2005,0
5/18/2005,0
5/19/2005,0
5/20/2005,0
5/21/2005,0
5/22/2005,0
5/23/2005,0
5/24/2005,0
5/25/2005,0
5/26/2005,0
5/27/2005,0
5/28/2005,0
5/29/2005,0
5/30/2005,0
5/31/2005,0
6/1/2005,0
6/2/2005,0
6/3/2005,0
6/4/2005,0
6/5/2005,0
6/6/2005,0
6/7/2005,0
6/8/2005,0
6/9/2005,0
6/10/2005,0
6/11/2005,0
6/12/2005,0
6/13/2005,0
6/14/2005,0
6/15/2005,0
6/16/2005,0
6/17/2005,0
6/18/2005,0
6/19/2005,0
6/20/2005,0
6/21/2005,0
6/22/2005,0
6/23/2005,0
6/24/2005,0
6/25/2005,0
6/26/2005,0
6/27/2005,0
6/28/2005,0
6/29/2005,0
6/30/2005,0
7/1/2005,0
7/2/2005,0
7/3/2005,0
7/4/2005,0
7/5/2005,0
7/6/2005,0
7/7/2005,0
7/8/2005,0
7/9/2005,0
7/10/2005,0
7/11/2005,0
7/12/2005,0
7/13/2005,0
7/14/2005,0
7/15/2005,0
7/16/2005,0
7/17/2005,0
7/18/2005,0
7/19/2005,0
7/20/2005,0
7/21/2005,0
7/22/2005,0
7/23/2005,0
7/24/2005,0
7/25/2005,0
7/26/2005,0
7/27/2005,0
7/28/2005,0
7/29/2005,0
7/30/2005,0
7/31/2005,0
8/1/2005,0
8/2/2005,0
8/3/2005,0
8/4/2005,0
8/5/2005,0
8/6/2005,0
8/7/2005,0
8/8/2005,0
8/9/2005,0
8/10/2005,0
8/11/2005,0
8/12/2005,0
8/13/2005,0
8/14/2005,0
8/15/2005,0
8/16/2005,0
8/17/2005,0
8/18/2005,0
8/19/2005,0
8/20/2005,0
8/21/2005,0
8/22/2005,0
8/23/2005,0
8/24/2005,0
8/25/2005,0
8/26/2005,0
8/27/2005,0
8/28/2005,0
8/29/2005,0
8/30/2005,0
8/31/2005,0
9/1/2005,0
9/2/2005,0
9/3/2005,0
9/4/2005,0
9/5/2005,0
9/6/2005,0
9/7/2005,0
9/8/2005,0
9/9/2005,0
9/10/2005,0
9/11/2005,0
9/12/2005,0
9/13/2005,0
9/14/2005,0
9/15/2005,0
9/16/2005,0
9/17/2005,0
9/18/2005,0
9/19/2005,0
9/20/2005,0
9/21/2005,0
9/22/2005,0
9/23/2005,0
9/24/2005,0
9/25/2005,0
9/26/2005,0
9/27/2005,0
9/28/2005,0
9/29/2005,0
9/30/2005,0
10/1/2005,0
10/2/2005,0
10/3/2005,0
10/4/2005,0
10/5/2005,0
10/6/2005,0
10/7/2005,0
10/8/2005,0
10/9/2005,0
10/10/2005,0
10/11/2005,0
10/12/2005,0
10/13/2005,0
10/14/2005,0
10/15/2005,0
10/16/2005,0
10/17/2005,0
10/18/2005,0
10/19/2005,0
10/20/2005,0
10/21/2005,0
10/22/2005,0
10/23/2005,0
10/24/2005,0
10/25/2005,0
10/26/2005,0
10/27/2005,0
10/28/2005,0
10/29/2005,0
10/30/2005,0
10/31/2005,0
11/1/2005,0
11/2/2005,0
11/3/2005,0
11/4/2005,0
11/5/2005,0
11/6/2005,0
11/7/2005,0
11/8/2005,0
11/9/2005,0
11/10/2005,M
11/11/2005,0
11/12/2005,0
11/13/2005,0
11/14/2005,0
11/15/2005,0
11/16/2005,0
11/17/2005,M
11/18/2005,3
11/19/2005,1
11/20/2005,M
11/21/2005,M
11/22/2005,0
11/23/2005,M
11/24/2005,4
11/25/2005,15
11/26/2005,12
11/27/2005,9
11/28/2005,2
11/29/2005,0
11/30/2005,0
12/1/2005,M
12/2/2005,10
12/3/2005,15
12/4/2005,15
12/5/2005,15
12/6/2005,13
12/7/2005,16
12/8/2005,16
12/9/2005,13
12/10/2005,10
12/11/2005,11
12/12/2005,14
12/13/2005,15
12/14/2005,13
12/15/2005,10
12/16/2005,11
12/17/2005,10
12/18/2005,9
12/19/2005,13
12/20/2005,13
12/21/2005,12
12/22/2005,10
12/23/2005,2
12/24/2005,5
12/25/2005,3
12/26/2005,4
12/27/2005,4
12/28/2005,3
12/29/2005,3
12/30/2005,M
12/31/2005,M
1/1/2006,M
1/2/2006,0
1/3/2006,0
1/4/2006,0
1/5/2006,0
1/6/2006,2
1/7/2006,2
1/8/2006,2
1/9/2006,M
1/10/2006,M
1/11/2006,M
1/12/2006,0
1/13/2006,0
1/14/2006,1
1/15/2006,1
1/16/2006,1
1/17/2006,1
1/18/2006,2
1/19/2006,3
1/20/2006,M
1/21/2006,M
1/22/2006,M
1/23/2006,0
1/24/2006,0
1/25/2006,1
1/26/2006,2
1/27/2006,1
1/28/2006,1
1/29/2006,M
1/30/2006,M
1/31/2006,0
2/1/2006,M
2/2/2006,0
2/3/2006,0
2/4/2006,0
2/5/2006,2
2/6/2006,13
2/7/2006,12
2/8/2006,10
2/9/2006,12
2/10/2006,10
2/11/2006,8
2/12/2006,7
2/13/2006,11
2/14/2006,10
2/15/2006,7
2/16/2006,4
2/17/2006,M
2/18/2006,1
2/19/2006,5
2/20/2006,3
2/21/2006,2
2/22/2006,2
2/23/2006,3
2/24/2006,M
2/25/2006,M
2/26/2006,0
2/27/2006,3
2/28/2006,5
3/1/2006,3
3/2/2006,2
3/3/2006,3
3/4/2006,3
3/5/2006,3
3/6/2006,2
3/7/2006,1
3/8/2006,M
3/9/2006,0
3/10/2006,0
3/11/2006,0
3/12/2006,0
3/13/2006,0
3/14/2006,M
3/15/2006,M
3/16/2006,0
3/17/2006,0
3/18/2006,0
3/19/2006,0
3/20/2006,0
3/21/2006,0
3/22/2006,1
3/23/2006,M
3/24/2006,0
3/25/2006,0
3/26/2006,M
3/27/2006,0
3/28/2006,0
3/29/2006,0
3/30/2006,0
3/31/2006,0
4/1/2006,0
4/2/2006,0
4/3/2006,0
4/4/2006,0
4/5/2006,1
4/6/2006,M
4/7/2006,M
4/8/2006,0
4/9/2006,0
4/10/2006,0
4/11/2006,0
4/12/2006,0
4/13/2006,0
4/14/2006,0
4/15/2006,0
4/16/2006,0
4/17/2006,0
4/18/2006,0
4/19/2006,0
4/20/2006,0
4/21/2006,0
4/22/2006,0
4/23/2006,0
4/24/2006,0
4/25/2006,0
4/26/2006,0
4/27/2006,0
4/28/2006,0
4/29/2006,0
4/30/2006,0
5/1/2006,0
5/2/2006,0
5/3/2006,0
5/4/2006,0
5/5/2006,0
5/6/2006,0
5/7/2006,0
5/8/2006,0
5/9/2006,0
5/10/2006,0
5/11/2006,0
5/12/2006,0
5/13/2006,0
5/14/2006,0
5/15/2006,0
5/16/2006,0
5/17/2006,0
5/18/2006,0
5/19/2006,0
5/20/2006,0
5/21/2006,0
5/22/2006,0
5/23/2006,0
5/24/2006,0
5/25/2006,0
5/26/2006,0
5/27/2006,0
5/28/2006,0
5/29/2006,0
5/30/2006,0
5/31/2006,0
6/1/2006,0
6/2/2006,0
6/3/2006,0
6/4/2006,0
6/5/2006,0
6/6/2006,0
6/7/2006,0
6/8/2006,0
6/9/2006,0
6/10/2006,0
6/11/2006,0
6/12/2006,0
6/13/2006,0
6/14/2006,0
6/15/2006,0
6/16/2006,0
6/17/2006,0
6/18/2006,0
6/19/2006,0
6/20/2006,0
6/21/2006,0
6/22/2006,0
6/23/2006,0
6/24/2006,0
6/25/2006,0
6/26/2006,0
6/27/2006,0
6/28/2006,0
6/29/2006,0
6/30/2006,0
7/1/2006,0
7/2/2006,0
7/3/2006,0
7/4/2006,0
7/5/2006,0
7/6/2006,0
7/7/2006,0
7/8/2006,0
7/9/2006,0
7/10/2006,0
7/11/2006,0
7/12/2006,0
7/13/2006,0
7/14/2006,0
7/15/2006,0
7/16/2006,0
7/17/2006,0
7/18/2006,0
7/19/2006,0
7/20/2006,0
7/21/2006,0
7/22/2006,0
7/23/2006,0
7/24/2006,0
7/25/2006,0
7/26/2006,0
7/27/2006,0
7/28/2006,0
7/29/2006,0
7/30/2006,0
7/31/2006,0
8/1/2006,0
8/2/2006,0
8/3/2006,0
8/4/2006,0
8/5/2006,0
8/6/2006,0
8/7/2006,0
8/8/2006,0
8/9/2006,0
8/10/2006,0
8/11/2006,0
8/12/2006,0
8/13/2006,0
8/14/2006,0
8/15/2006,0
8/16/2006,0
8/17/2006,0
8/18/2006,0
8/19/2006,0
8/20/2006,0
8/21/2006,0
8/22/2006,0
8/23/2006,0
8/24/2006,0
8/25/2006,0
8/26/2006,0
8/27/2006,0
8/28/2006,0
8/29/2006,0
8/30/2006,0
8/31/2006,0
9/1/2006,0
9/2/2006,0
9/3/2006,0
9/4/2006,0
9/5/2006,0
9/6/2006,0
9/7/2006,0
9/8/2006,0
9/9/2006,0
9/10/2006,0
9/11/2006,0
9/12/2006,0
9/13/2006,0
9/14/2006,0
9/15/2006,0
9/16/2006,0
9/17/2006,0
9/18/2006,0
9/19/2006,0
9/20/2006,0
9/21/2006,0
9/22/2006,0
9/23/2006,0
9/24/2006,0
9/25/2006,0
9/26/2006,0
9/27/2006,0
9/28/2006,0
9/29/2006,0
9/30/2006,0
10/1/2006,0
10/2/2006,0
10/3/2006,0
10/4/2006,0
10/5/2006,0
10/6/2006,0
10/7/2006,0
10/8/2006,0
10/9/2006,0
10/10/2006,0
10/11/2006,0
10/12/2006,M
10/13/2006,0
10/14/2006,0
10/15/2006,M
10/16/2006,0
10/17/2006,0
10/18/2006,0
10/19/2006,0
10/20/2006,0
10/21/2006,0
10/22/2006,0
10/23/2006,1
10/24/2006,4
10/25/2006,1
10/26/2006,M
10/27/2006,M
10/28/2006,0
10/29/2006,0
10/30/2006,0
10/31/2006,0
11/1/2006,0
11/2/2006,0
11/3/2006,2
11/4/2006,2
11/5/2006,M
11/6/2006,M
11/7/2006,0
11/8/2006,0
11/9/2006,0
11/10/2006,0
11/11/2006,0
11/12/2006,0
11/13/2006,0
11/14/2006,0
11/15/2006,0
11/16/2006,0
11/17/2006,0
11/18/2006,0
11/19/2006,0
11/20/2006,1
11/21/2006,M
11/22/2006,M
11/23/2006,M
11/24/2006,0
11/25/2006,0
11/26/2006,0
11/27/2006,0
11/28/2006,0
11/29/2006,0
11/30/2006,0
12/1/2006,0
12/2/2006,0
12/3/2006,0
12/4/2006,9
12/5/2006,11
12/6/2006,8
12/7/2006,8
12/8/2006,6
12/9/2006,5
12/10/2006,4
12/11/2006,M
12/12/2006,M
12/13/2006,0
12/14/2006,0
12/15/2006,0
12/16/2006,0
12/17/2006,0
12/18/2006,0
12/19/2006,0
12/20/2006,0
12/21/2006,0
12/22/2006,0
12/23/2006,0
12/24/2006,0
12/25/2006,0
12/26/2006,0
12/27/2006,0
12/28/2006,0
12/29/2006,0
12/30/2006,0
12/31/2006,0
1/1/2007,0
1/2/2007,0
1/3/2007,0
1/4/2007,0
1/5/2007,0
1/6/2007,0
1/7/2007,0
1/8/2007,0
1/9/2007,1
1/10/2007,1
1/11/2007,1
1/12/2007,0
1/13/2007,0
1/14/2007,0
1/15/2007,0
1/16/2007,2
1/17/2007,9
1/18/2007,7
1/19/2007,5
1/20/2007,7
1/21/2007,6
1/22/2007,4
1/23/2007,5
1/24/2007,5
1/25/2007,9
1/26/2007,12
1/27/2007,8
1/28/2007,7
1/29/2007,12
1/30/2007,12
1/31/2007,14
2/1/2007,13
2/2/2007,12
2/3/2007,12
2/4/2007,6
2/5/2007,7
2/6/2007,8
2/7/2007,9
2/8/2007,9
2/9/2007,9
2/10/2007,10
2/11/2007,10
2/12/2007,9
2/13/2007,9
2/14/2007,18
2/15/2007,20
2/16/2007,18
2/17/2007,17
2/18/2007,19
2/19/2007,19
2/20/2007,13
2/21/2007,12
2/22/2007,10
2/23/2007,14
2/24/2007,14
2/25/2007,13
2/26/2007,9
2/27/2007,8
2/28/2007,8
3/1/2007,7
3/2/2007,6
3/3/2007,3
3/4/2007,4
3/5/2007,4
3/6/2007,4
3/7/2007,6
3/8/2007,6
3/9/2007,4
3/10/2007,4
3/11/2007,3
3/12/2007,4
3/13/2007,2
3/14/2007,M
3/15/2007,1
3/16/2007,M
3/17/2007,2
3/18/2007,1
3/19/2007,M
3/20/2007,M
3/21/2007,M
3/22/2007,M
3/23/2007,0
3/24/2007,0
3/25/2007,0
3/26/2007,0
3/27/2007,0
3/28/2007,0
3/29/2007,0
3/30/2007,0
3/31/2007,0
4/1/2007,0
4/2/2007,0
4/3/2007,0
4/4/2007,0
4/5/2007,5
4/6/2007,1
4/7/2007,6
4/8/2007,13
4/9/2007,14
4/10/2007,10
4/11/2007,6
4/12/2007,M
4/13/2007,0
4/14/2007,0
4/15/2007,1
4/16/2007,M
4/17/2007,M
4/18/2007,0
4/19/2007,0
4/20/2007,0
4/21/2007,0
4/22/2007,0
4/23/2007,0
4/24/2007,0
4/25/2007,0
4/26/2007,0
4/27/2007,0
4/28/2007,0
4/29/2007,0
4/30/2007,0
5/1/2007,0
5/2/2007,0
5/3/2007,0
5/4/2007,0
5/5/2007,0
5/6/2007,0
5/7/2007,0
5/8/2007,0
5/9/2007,0
5/10/2007,0
5/11/2007,0
5/12/2007,0
5/13/2007,0
5/14/2007,0
5/15/2007,0
5/16/2007,0
5/17/2007,0
5/18/2007,0
5/19/2007,0
5/20/2007,0
5/21/2007,0
5/22/2007,0
5/23/2007,0
5/24/2007,0
5/25/2007,0
5/26/2007,0
5/27/2007,0
5/28/2007,0
5/29/2007,0
5/30/2007,0
5/31/2007,0
6/1/2007,0
6/2/2007,0
6/3/2007,0
6/4/2007,0
6/5/2007,0
6/6/2007,0
6/7/2007,0
6/8/2007,0
6/9/2007,0
6/10/2007,0
6/11/2007,0
6/12/2007,0
6/13/2007,0
6/14/2007,0
6/15/2007,0
6/16/2007,0
6/17/2007,0
6/18/2007,0
6/19/2007,0
6/20/2007,0
6/21/2007,0
6/22/2007,0
6/23/2007,0
6/24/2007,0
6/25/2007,0
6/26/2007,0
6/27/2007,0
6/28/2007,0
6/29/2007,0
6/30/2007,0
7/1/2007,0
7/2/2007,0
7/3/2007,0
7/4/2007,0
7/5/2007,0
7/6/2007,0
7/7/2007,0
7/8/2007,0
7/9/2007,0
7/10/2007,0
7/11/2007,0
7/12/2007,0
7/13/2007,0
7/14/2007,0
7/15/2007,0
7/16/2007,0
7/17/2007,0
7/18/2007,0
7/19/2007,0
7/20/2007,0
7/21/2007,0
7/22/2007,0
7/23/2007,0
7/24/2007,0
7/25/2007,0
7/26/2007,0
7/27/2007,0
7/28/2007,0
7/29/2007,0
7/30/2007,0
7/31/2007,0
8/1/2007,0
8/2/2007,0
8/3/2007,0
8/4/2007,0
8/5/2007,0
8/6/2007,0
8/7/2007,0
8/8/2007,0
8/9/2007,0
8/10/2007,0
8/11/2007,0
8/12/2007,0
8/13/2007,0
8/14/2007,0
8/15/2007,0
8/16/2007,0
8/17/2007,0
8/18/2007,0
8/19/2007,0
8/20/2007,0
8/21/2007,0
8/22/2007,0
8/23/2007,0
8/24/2007,0
8/25/2007,0
8/26/2007,0
8/27/2007,0
8/28/2007,0
8/29/2007,0
8/30/2007,0
8/31/2007,0
9/1/2007,0
9/2/2007,0
9/3/2007,0
9/4/2007,0
9/5/2007,0
9/6/2007,0
9/7/2007,0
9/8/2007,0
9/9/2007,0
9/10/2007,0
9/11/2007,0
9/12/2007,0
9/13/2007,0
9/14/2007,0
9/15/2007,0
9/16/2007,0
9/17/2007,0
9/18/2007,0
9/19/2007,0
9/20/2007,0
9/21/2007,0
9/22/2007,0
9/23/2007,0
9/24/2007,0
9/25/2007,0
9/26/2007,0
9/27/2007,0
9/28/2007,0
9/29/2007,0
9/30/2007,0
10/1/2007,0
10/2/2007,0
10/3/2007,0
10/4/2007,0
10/5/2007,0
10/6/2007,0
10/7/2007,0
10/8/2007,0
10/9/2007,0
10/10/2007,0
10/11/2007,0
10/12/2007,0
10/13/2007,0
10/14/2007,0
10/15/2007,0
10/16/2007,0
10/17/2007,0
10/18/2007,0
10/19/2007,0
10/20/2007,0
10/21/2007,0
10/22/2007,0
10/23/2007,0
10/24/2007,0
10/25/2007,0
10/26/2007,0
10/27/2007,0
10/28/2007,0
10/29/2007,0
10/30/2007,0
10/31/2007,0
11/1/2007,0
11/2/2007,0
11/3/2007,0
11/4/2007,0
11/5/2007,0
11/6/2007,M
11/7/2007,M
11/8/2007,M
11/9/2007,0
11/10/2007,0
11/11/2007,0
11/12/2007,0
11/13/2007,0
11/14/2007,0
11/15/2007,0
11/16/2007,M
11/17/2007,M
11/18/2007,0
11/19/2007,0
11/20/2007,0
11/21/2007,0
11/22/2007,0
11/23/2007,4
11/24/2007,3
11/25/2007,2
11/26/2007,M
11/27/2007,M
11/28/2007,0
11/29/2007,0
11/30/2007,0
12/1/2007,0
12/2/2007,M
12/3/2007,1
12/4/2007,2
12/5/2007,4
12/6/2007,5
12/7/2007,4
12/8/2007,1
12/9/2007,1
12/10/2007,1
12/11/2007,M
12/12/2007,0
12/13/2007,M
12/14/2007,M
12/15/2007,0
12/16/2007,1
12/17/2007,4
12/18/2007,6
12/19/2007,3
12/20/2007,3
12/21/2007,2
12/22/2007,2
12/23/2007,M
12/24/2007,M
12/25/2007,0
12/26/2007,0
12/27/2007,M
12/28/2007,0
12/29/2007,0
12/30/2007,0
12/31/2007,0
1/1/2008,M
1/2/2008,9
1/3/2008,9
1/4/2008,9
1/5/2008,8
1/6/2008,5
1/7/2008,M
1/8/2008,0
1/9/2008,0
1/10/2008,0
1/11/2008,0
1/12/2008,0
1/13/2008,0
1/14/2008,2
1/15/2008,3
1/16/2008,5
1/17/2008,4
1/18/2008,2
1/19/2008,2
1/20/2008,11
1/21/2008,8
1/22/2008,8
1/23/2008,6
1/24/2008,6
1/25/2008,10
1/26/2008,10
1/27/2008,11
1/28/2008,8
1/29/2008,5
1/30/2008,1
1/31/2008,1
2/1/2008,1
2/2/2008,1
2/3/2008,1
2/4/2008,1
2/5/2008,M
2/6/2008,0
2/7/2008,1
2/8/2008,1
2/9/2008,1
2/10/2008,2
2/11/2008,3
2/12/2008,3
2/13/2008,4
2/14/2008,4
2/15/2008,3
2/16/2008,5
2/17/2008,5
2/18/2008,M
2/19/2008,M
2/20/2008,3
2/21/2008,3
2/22/2008,5
2/23/2008,4
2/24/2008,4
2/25/2008,2
2/26/2008,4
2/27/2008,15
2/28/2008,14
2/29/2008,14
3/1/2008,13
3/2/2008,13
3/3/2008,9
3/4/2008,3
3/5/2008,2
3/6/2008,3
3/7/2008,3
3/8/2008,9
3/9/2008,20
3/10/2008,16
3/11/2008,13
3/12/2008,12
3/13/2008,10
3/14/2008,8
3/15/2008,6
3/16/2008,4
3/17/2008,4
3/18/2008,3
3/19/2008,1
3/20/2008,2
3/21/2008,2
3/22/2008,9
3/23/2008,6
3/24/2008,4
3/25/2008,3
3/26/2008,2
3/27/2008,2
3/28/2008,0
3/29/2008,0
3/30/2008,0
3/31/2008,0
4/1/2008,0
4/2/2008,0
4/3/2008,0
4/4/2008,0
4/5/2008,0
4/6/2008,0
4/7/2008,0
4/8/2008,0
4/9/2008,0
4/10/2008,0
4/11/2008,0
4/12/2008,0
4/13/2008,M
4/14/2008,0
4/15/2008,0
4/16/2008,0
4/17/2008,0
4/18/2008,0
4/19/2008,0
4/20/2008,0
4/21/2008,0
4/22/2008,0
4/23/2008,0
4/24/2008,0
4/25/2008,0
4/26/2008,0
4/27/2008,0
4/28/2008,0
4/29/2008,0
4/30/2008,0
5/1/2008,0
5/2/2008,0
5/3/2008,0
5/4/2008,0
5/5/2008,0
5/6/2008,0
5/7/2008,0
5/8/2008,0
5/9/2008,0
5/10/2008,0
5/11/2008,0
5/12/2008,0
5/13/2008,0
5/14/2008,0
5/15/2008,0
5/16/2008,0
5/17/2008,0
5/18/2008,0
5/19/2008,0
5/20/2008,0
5/21/2008,0
5/22/2008,0
5/23/2008,0
5/24/2008,0
5/25/2008,0
5/26/2008,0
5/27/2008,0
5/28/2008,0
5/29/2008,0
5/30/2008,0
5/31/2008,0
6/1/2008,0
6/2/2008,0
6/3/2008,0
6/4/2008,0
6/5/2008,0
6/6/2008,0
6/7/2008,0
6/8/2008,0
6/9/2008,0
6/10/2008,0
6/11/2008,0
6/12/2008,0
6/13/2008,0
6/14/2008,0
6/15/2008,0
6/16/2008,0
6/17/2008,0
6/18/2008,0
6/19/2008,0
6/20/2008,0
6/21/2008,0
6/22/2008,0
6/23/2008,0
6/24/2008,0
6/25/2008,0
6/26/2008,0
6/27/2008,0
6/28/2008,0
6/29/2008,0
6/30/2008,0
7/1/2008,0
7/2/2008,0
7/3/2008,0
7/4/2008,0
7/5/2008,0
7/6/2008,0
7/7/2008,0
7/8/2008,0
7/9/2008,0
7/10/2008,0
7/11/2008,0
7/12/2008,0
7/13/2008,0
7/14/2008,0
7/15/2008,0
7/16/2008,0
7/17/2008,0
7/18/2008,0
7/19/2008,0
7/20/2008,0
7/21/2008,0
7/22/2008,0
7/23/2008,0
7/24/2008,0
7/25/2008,0
7/26/2008,0
7/27/2008,0
7/28/2008,0
7/29/2008,0
7/30/2008,0
7/31/2008,0
8/1/2008,0
8/2/2008,0
8/3/2008,0
8/4/2008,0
8/5/2008,0
8/6/2008,0
8/7/2008,0
8/8/2008,0
8/9/2008,0
8/10/2008,0
8/11/2008,0
8/12/2008,0
8/13/2008,0
8/14/2008,0
8/15/2008,0
8/16/2008,0
8/17/2008,0
8/18/2008,0
8/19/2008,0
8/20/2008,0
8/21/2008,0
8/22/2008,0
8/23/2008,0
8/24/2008,0
8/25/2008,0
8/26/2008,0
8/27/2008,0
8/28/2008,0
8/29/2008,0
8/30/2008,0
8/31/2008,0
9/1/2008,0
9/2/2008,0
9/3/2008,0
9/4/2008,0
9/5/2008,0
9/6/2008,0
9/7/2008,0
9/8/2008,0
9/9/2008,0
9/10/2008,0
9/11/2008,0
9/12/2008,0
9/13/2008,0
9/14/2008,0
9/15/2008,0
9/16/2008,0
9/17/2008,0
9/18/2008,0
9/19/2008,0
9/20/2008,0
9/21/2008,0
9/22/2008,0
9/23/2008,0
9/24/2008,0
9/25/2008,0
9/26/2008,0
9/27/2008,0
9/28/2008,0
9/29/2008,0
9/30/2008,0
10/1/2008,0
10/2/2008,0
10/3/2008,0
10/4/2008,0
10/5/2008,0
10/6/2008,0
10/7/2008,0
10/8/2008,0
10/9/2008,0
10/10/2008,0
10/11/2008,0
10/12/2008,0
10/13/2008,0
10/14/2008,0
10/15/2008,0
10/16/2008,0
10/17/2008,0
10/18/2008,0
10/19/2008,0
10/20/2008,0
10/21/2008,0
10/22/2008,0
10/23/2008,0
10/24/2008,0
10/25/2008,0
10/26/2008,0
10/27/2008,0
10/28/2008,0
10/29/2008,M
10/30/2008,M
10/31/2008,0
11/1/2008,0
11/2/2008,0
11/3/2008,0
11/4/2008,0
11/5/2008,0
11/6/2008,0
11/7/2008,0
11/8/2008,0
11/9/2008,0
11/10/2008,1
11/11/2008,2
11/12/2008,M
11/13/2008,M
11/14/2008,M
11/15/2008,0
11/16/2008,0
11/17/2008,5
11/18/2008,7
11/19/2008,5
11/20/2008,3
11/21/2008,9
11/22/2008,9
11/23/2008,7
11/24/2008,6
11/25/2008,4
11/26/2008,5
11/27/2008,5
11/28/2008,5
11/29/2008,4
11/30/2008,4
12/1/2008,3
12/2/2008,4
12/3/2008,4
12/4/2008,2
12/5/2008,3
12/6/2008,3
12/7/2008,7
12/8/2008,4
12/9/2008,3
12/10/2008,M
12/11/2008,M
12/12/2008,0
12/13/2008,3
12/14/2008,2
12/15/2008,M
12/16/2008,M
12/17/2008,M
12/18/2008,M
12/19/2008,2
12/20/2008,2
12/21/2008,3
12/22/2008,2
12/23/2008,2
12/24/2008,2
12/25/2008,M
12/26/2008,M
12/27/2008,M
12/28/2008,0
12/29/2008,0
12/30/2008,0
12/31/2008,3
1/1/2009,5
1/2/2009,1
1/3/2009,2
1/4/2009,2
1/5/2009,M
1/6/2009,0
1/7/2009,M
1/8/2009,5
1/9/2009,7
1/10/2009,8
1/11/2009,13
1/12/2009,13
1/13/2009,12
1/14/2009,13
1/15/2009,14
1/16/2009,14
1/17/2009,14
1/18/2009,15
1/19/2009,17
1/20/2009,17
1/21/2009,16
1/22/2009,15
1/23/2009,14
1/24/2009,12
1/25/2009,12
1/26/2009,12
1/27/2009,11
1/28/2009,15
1/29/2009,20
1/30/2009,19
1/31/2009,22
2/1/2009,19
2/2/2009,18
2/3/2009,17
2/4/2009,18
2/5/2009,21
2/6/2009,19
2/7/2009,17
2/8/2009,9
2/9/2009,8
2/10/2009,6
2/11/2009,4
2/12/2009,0
2/13/2009,M
2/14/2009,M
2/15/2009,M
2/16/2009,1
2/17/2009,M
2/18/2009,M
2/19/2009,3
2/20/2009,6
2/21/2009,6
2/22/2009,3
2/23/2009,6
2/24/2009,6
2/25/2009,4
2/26/2009,1
2/27/2009,0
2/28/2009,M
3/1/2009,M
3/2/2009,M
3/3/2009,M
3/4/2009,0
3/5/2009,0
3/6/2009,0
3/7/2009,0
3/8/2009,0
3/9/2009,0
3/10/2009,0
3/11/2009,0
3/12/2009,0
3/13/2009,0
3/14/2009,0
3/15/2009,0
3/16/2009,0
3/17/2009,0
3/18/2009,0
3/19/2009,0
3/20/2009,M
3/21/2009,0
3/22/2009,0
3/23/2009,0
3/24/2009,0
3/25/2009,0
3/26/2009,0
3/27/2009,0
3/28/2009,0
3/29/2009,0
3/30/2009,1
3/31/2009,M
4/1/2009,0
4/2/2009,0
4/3/2009,0
4/4/2009,0
4/5/2009,0
4/6/2009,0
4/7/2009,3
4/8/2009,4
4/9/2009,M
4/10/2009,0
4/11/2009,0
4/12/2009,0
4/13/2009,0
4/14/2009,0
4/15/2009,0
4/16/2009,0
4/17/2009,0
4/18/2009,0
4/19/2009,0
4/20/2009,0
4/21/2009,0
4/22/2009,0
4/23/2009,M
4/24/2009,0
4/25/2009,0
4/26/2009,0
4/27/2009,0
4/28/2009,0
4/29/2009,0
4/30/2009,0
5/1/2009,0
5/2/2009,0
5/3/2009,0
5/4/2009,0
5/5/2009,0
5/6/2009,0
5/7/2009,0
5/8/2009,0
5/9/2009,0
5/10/2009,0
5/11/2009,0
5/12/2009,0
5/13/2009,0
5/14/2009,0
5/15/2009,0
5/16/2009,0
5/17/2009,0
5/18/2009,0
5/19/2009,0
5/20/2009,0
5/21/2009,0
5/22/2009,0
5/23/2009,0
5/24/2009,0
5/25/2009,0
5/26/2009,0
5/27/2009,0
5/28/2009,0
5/29/2009,0
5/30/2009,0
5/31/2009,0
6/1/2009,0
6/2/2009,0
6/3/2009,0
6/4/2009,0
6/5/2009,0
6/6/2009,0
6/7/2009,0
6/8/2009,0
6/9/2009,0
6/10/2009,0
6/11/2009,0
6/12/2009,0
6/13/2009,0
6/14/2009,0
6/15/2009,0
6/16/2009,0
6/17/2009,0
6/18/2009,0
6/19/2009,0
6/20/2009,0
6/21/2009,0
6/22/2009,0
6/23/2009,0
6/24/2009,0
6/25/2009,0
6/26/2009,0
6/27/2009,0
6/28/2009,0
6/29/2009,0
6/30/2009,0
7/1/2009,0
7/2/2009,0
7/3/2009,0
7/4/2009,0
7/5/2009,0
7/6/2009,0
7/7/2009,0
7/8/2009,0
7/9/2009,0
7/10/2009,0
7/11/2009,0
7/12/2009,0
7/13/2009,0
7/14/2009,0
7/15/2009,0
7/16/2009,0
7/17/2009,0
7/18/2009,0
7/19/2009,0
7/20/2009,0
7/21/2009,0
7/22/2009,0
7/23/2009,0
7/24/2009,0
7/25/2009,0
7/26/2009,0
7/27/2009,0
7/28/2009,0
7/29/2009,0
7/30/2009,0
7/31/2009,0
8/1/2009,0
8/2/2009,0
8/3/2009,0
8/4/2009,0
8/5/2009,0
8/6/2009,0
8/7/2009,0
8/8/2009,0
8/9/2009,0
8/10/2009,0
8/11/2009,0
8/12/2009,0
8/13/2009,0
8/14/2009,0
8/15/2009,0
8/16/2009,0
8/17/2009,0
8/18/2009,0
8/19/2009,0
8/20/2009,0
8/21/2009,0
8/22/2009,0
8/23/2009,0
8/24/2009,0
8/25/2009,0
8/26/2009,0
8/27/2009,0
8/28/2009,0
8/29/2009,0
8/30/2009,0
8/31/2009,0
9/1/2009,0
9/2/2009,0
9/3/2009,0
9/4/2009,0
9/5/2009,0
9/6/2009,0
9/7/2009,0
9/8/2009,0
9/9/2009,0
9/10/2009,0
9/11/2009,0
9/12/2009,0
9/13/2009,0
9/14/2009,0
9/15/2009,0
9/16/2009,0
9/17/2009,0
9/18/2009,0
9/19/2009,0
9/20/2009,0
9/21/2009,0
9/22/2009,0
9/23/2009,0
9/24/2009,0
9/25/2009,0
9/26/2009,0
9/27/2009,0
9/28/2009,0
9/29/2009,0
9/30/2009,0
10/1/2009,0
10/2/2009,0
10/3/2009,0
10/4/2009,0
10/5/2009,0
10/6/2009,0
10/7/2009,0
10/8/2009,0
10/9/2009,0
10/10/2009,0
10/11/2009,0
10/12/2009,0
10/13/2009,0
10/14/2009,0
10/15/2009,0
10/16/2009,0
10/17/2009,0
10/18/2009,0
10/19/2009,0
10/20/2009,0
10/21/2009,0
10/22/2009,0
10/23/2009,0
10/24/2009,0
10/25/2009,0
10/26/2009,0
10/27/2009,0
10/28/2009,0
10/29/2009,0
10/30/2009,0
10/31/2009,0
11/1/2009,0
11/2/2009,0
11/3/2009,0
11/4/2009,0
11/5/2009,M
11/6/2009,M
11/7/2009,0
11/8/2009,0
11/9/2009,0
11/10/2009,0
11/11/2009,0
11/12/2009,0
11/13/2009,0
11/14/2009,0
11/15/2009,0
11/16/2009,0
11/17/2009,0
11/18/2009,0
11/19/2009,0
11/20/2009,0
11/21/2009,0
11/22/2009,0
11/23/2009,0
11/24/2009,0
11/25/2009,0
11/26/2009,0
11/27/2009,0
11/28/2009,0
11/29/2009,0
11/30/2009,0
12/1/2009,M
12/2/2009,0
12/3/2009,0
12/4/2009,0
12/5/2009,0
12/6/2009,0
12/7/2009,0
12/8/2009,M
12/9/2009,M
12/10/2009,M
12/11/2009,1
12/12/2009,1
12/13/2009,M
12/14/2009,0
12/15/2009,0
12/16/2009,1
12/17/2009,1
12/18/2009,1
12/19/2009,1
12/20/2009,3
12/21/2009,3
12/22/2009,3
12/23/2009,3
12/24/2009,2
12/25/2009,2
12/26/2009,0
12/27/2009,0
12/28/2009,4
12/29/2009,6
12/30/2009,4
12/31/2009,5
1/1/2010,5
1/2/2010,10
1/3/2010,11
1/4/2010,17
1/5/2010,15
1/6/2010,17
1/7/2010,13
1/8/2010,14
1/9/2010,16
1/10/2010,15
1/11/2010,13
1/12/2010,13
1/13/2010,12
1/14/2010,12
1/15/2010,10
1/16/2010,8
1/17/2010,7
1/18/2010,6
1/19/2010,5
1/20/2010,5
1/21/2010,5
1/22/2010,4
1/23/2010,4
1/24/2010,3
1/25/2010,3
1/26/2010,3
1/27/2010,4
1/28/2010,6
1/29/2010,5
1/30/2010,4
1/31/2010,4
2/1/2010,4
2/2/2010,4
2/3/2010,3
2/4/2010,3
2/5/2010,3
2/6/2010,9
2/7/2010,9
2/8/2010,8
2/9/2010,6
2/10/2010,10
2/11/2010,12
2/12/2010,12
2/13/2010,13
2/14/2010,14
2/15/2010,13
2/16/2010,15
2/17/2010,15
2/18/2010,15
2/19/2010,14
2/20/2010,12
2/21/2010,12
2/22/2010,11
2/23/2010,10
2/24/2010,10
2/25/2010,10
2/26/2010,17
2/27/2010,20
2/28/2010,24
3/1/2010,24
3/2/2010,19
3/3/2010,18
3/4/2010,17
3/5/2010,16
3/6/2010,15
3/7/2010,14
3/8/2010,14
3/9/2010,13
3/10/2010,11
3/11/2010,9
3/12/2010,4
3/13/2010,M
3/14/2010,0
3/15/2010,0
3/16/2010,0
3/17/2010,0
3/18/2010,0
3/19/2010,0
3/20/2010,0
3/21/2010,0
3/22/2010,0
3/23/2010,0
3/24/2010,0
3/25/2010,0
3/26/2010,M
3/27/2010,0
3/28/2010,0
3/29/2010,0
3/30/2010,0
3/31/2010,0
4/1/2010,0
4/2/2010,0
4/3/2010,0
4/4/2010,0
4/5/2010,0
4/6/2010,0
4/7/2010,0
4/8/2010,0
4/9/2010,M
4/10/2010,M
4/11/2010,0
4/12/2010,0
4/13/2010,0
4/14/2010,0
4/15/2010,0
4/16/2010,0
4/17/2010,0
4/18/2010,0
4/19/2010,0
4/20/2010,0
4/21/2010,0
4/22/2010,0
4/23/2010,0
4/24/2010,0
4/25/2010,0
4/26/2010,0
4/27/2010,0
4/28/2010,0
4/29/2010,0
4/30/2010,0
5/1/2010,0
5/2/2010,0
5/3/2010,0
5/4/2010,0
5/5/2010,0
5/6/2010,0
5/7/2010,0
5/8/2010,0
5/9/2010,0
5/10/2010,0
5/11/2010,0
5/12/2010,0
5/13/2010,0
5/14/2010,0
5/15/2010,0
5/16/2010,0
5/17/2010,0
5/18/2010,0
5/19/2010,0
5/20/2010,0
5/21/2010,0
5/22/2010,0
5/23/2010,0
5/24/2010,0
5/25/2010,0
5/26/2010,0
5/27/2010,0
5/28/2010,0
5/29/2010,0
5/30/2010,0
5/31/2010,0
6/1/2010,0
6/2/2010,0
6/3/2010,0
6/4/2010,0
6/5/2010,0
6/6/2010,0
6/7/2010,0
6/8/2010,0
6/9/2010,0
6/10/2010,0
6/11/2010,0
6/12/2010,0
6/13/2010,0
6/14/2010,0
6/15/2010,0
6/16/2010,0
6/17/2010,0
6/18/2010,0
6/19/2010,0
6/20/2010,0
6/21/2010,0
6/22/2010,0
6/23/2010,0
6/24/2010,0
6/25/2010,0
6/26/2010,0
6/27/2010,0
6/28/2010,0
6/29/2010,0
6/30/2010,0
7/1/2010,0
7/2/2010,0
7/3/2010,0
7/4/2010,0
7/5/2010,0
7/6/2010,0
7/7/2010,0
7/8/2010,0
7/9/2010,0
7/10/2010,0
7/11/2010,0
7/12/2010,0
7/13/2010,0
7/14/2010,0
7/15/2010,0
7/16/2010,0
7/17/2010,0
7/18/2010,0
7/19/2010,0
7/20/2010,0
7/21/2010,0
7/22/2010,0
7/23/2010,0
7/24/2010,0
7/25/2010,0
7/26/2010,0
7/27/2010,0
7/28/2010,0
7/29/2010,0
7/30/2010,0
7/31/2010,0
8/1/2010,0
8/2/2010,0
8/3/2010,0
8/4/2010,0
8/5/2010,0
8/6/2010,0
8/7/2010,0
8/8/2010,0
8/9/2010,0
8/10/2010,0
8/11/2010,0
8/12/2010,0
8/13/2010,0
8/14/2010,0
8/15/2010,0
8/16/2010,0
8/17/2010,0
8/18/2010,0
8/19/2010,0
8/20/2010,0
8/21/2010,0
8/22/2010,0
8/23/2010,0
8/24/2010,0
8/25/2010,0
8/26/2010,0
8/27/2010,0
8/28/2010,0
8/29/2010,0
8/30/2010,0
8/31/2010,0
9/1/2010,0
9/2/2010,0
9/3/2010,0
9/4/2010,0
9/5/2010,0
9/6/2010,0
9/7/2010,0
9/8/2010,0
9/9/2010,0
9/10/2010,0
9/11/2010,0
9/12/2010,0
9/13/2010,0
9/14/2010,0
9/15/2010,0
9/16/2010,0
9/17/2010,0
9/18/2010,0
9/19/2010,0
9/20/2010,0
9/21/2010,0
9/22/2010,0
9/23/2010,0
9/24/2010,0
9/25/2010,0
9/26/2010,0
9/27/2010,0
9/28/2010,0
9/29/2010,0
9/30/2010,0
10/1/2010,0
10/2/2010,0
10/3/2010,0
10/4/2010,0
10/5/2010,0
10/6/2010,0
10/7/2010,0
10/8/2010,0
10/9/2010,0
10/10/2010,0
10/11/2010,0
10/12/2010,0
10/13/2010,0
10/14/2010,0
10/15/2010,0
10/16/2010,0
10/17/2010,0
10/18/2010,0
10/19/2010,0
10/20/2010,0
10/21/2010,0
10/22/2010,0
10/23/2010,0
10/24/2010,0
10/25/2010,0
10/26/2010,0
10/27/2010,0
10/28/2010,0
10/29/2010,0
10/30/2010,0
10/31/2010,0
11/1/2010,0
11/2/2010,0
11/3/2010,0
11/4/2010,0
11/5/2010,0
11/6/2010,M
11/7/2010,M
11/8/2010,M
11/9/2010,M
11/10/2010,0
11/11/2010,0
11/12/2010,0
11/13/2010,0
11/14/2010,0
11/15/2010,0
11/16/2010,0
11/17/2010,0
11/18/2010,0
11/19/2010,0
11/20/2010,0
11/21/2010,0
11/22/2010,0
11/23/2010,0
11/24/2010,0
11/25/2010,0
11/26/2010,0
11/27/2010,M
11/28/2010,0
11/29/2010,0
11/30/2010,0
12/1/2010,M
12/2/2010,M
12/3/2010,1
12/4/2010,2
12/5/2010,3
12/6/2010,9
12/7/2010,15
12/8/2010,13
12/9/2010,14
12/10/2010,12
12/11/2010,8
12/12/2010,7
12/13/2010,12
12/14/2010,14
12/15/2010,15
12/16/2010,11
12/17/2010,11
12/18/2010,10
12/19/2010,10
12/20/2010,10
12/21/2010,9
12/22/2010,9
12/23/2010,10
12/24/2010,9
12/25/2010,9
12/26/2010,9
12/27/2010,8
12/28/2010,8
12/29/2010,7
12/30/2010,6
12/31/2010,3
1/1/2011,M
1/2/2011,M
1/3/2011,M
1/4/2011,M
1/5/2011,M
1/6/2011,M
1/7/2011,6
1/8/2011,9
1/9/2011,13
1/10/2011,12
1/11/2011,8
1/12/2011,12
1/13/2011,12
1/14/2011,12
1/15/2011,12
1/16/2011,11
1/17/2011,10
1/18/2011,10
1/19/2011,9
1/20/2011,9
1/21/2011,10
1/22/2011,11
1/23/2011,12
1/24/2011,12
1/25/2011,12
1/26/2011,12
1/27/2011,12
1/28/2011,13
1/29/2011,14
1/30/2011,14
1/31/2011,12
2/1/2011,15
2/2/2011,15
2/3/2011,15
2/4/2011,15
2/5/2011,15
2/6/2011,18
2/7/2011,14
2/8/2011,18
2/9/2011,16
2/10/2011,14
2/11/2011,13
2/12/2011,15
2/13/2011,16
2/14/2011,11
2/15/2011,9
2/16/2011,9
2/17/2011,9
2/18/2011,5
2/19/2011,2
2/20/2011,2
2/21/2011,3
2/22/2011,4
2/23/2011,2
2/24/2011,1
2/25/2011,4
2/26/2011,12
2/27/2011,10
2/28/2011,6
3/1/2011,6
3/2/2011,5
3/3/2011,5
3/4/2011,5
3/5/2011,2
3/6/2011,3
3/7/2011,3
3/8/2011,1
3/9/2011,M
3/10/2011,M
3/11/2011,6
3/12/2011,10
3/13/2011,6
3/14/2011,7
3/15/2011,6
3/16/2011,4
3/17/2011,2
3/18/2011,M
3/19/2011,M
3/20/2011,M
3/21/2011,M
3/22/2011,M
3/23/2011,M
3/24/2011,M
3/25/2011,M
3/26/2011,M
3/27/2011,M
3/28/2011,M
3/29/2011,M
3/30/2011,M
3/31/2011,3
4/1/2011,1
4/2/2011,M
4/3/2011,M
4/4/2011,M
4/5/2011,M
4/6/2011,M
4/7/2011,M
4/8/2011,M
4/9/2011,M
4/10/2011,M
4/11/2011,M
4/12/2011,M
4/13/2011,M
4/14/2011,M
4/15/2011,M
4/16/2011,M
4/17/2011,M
4/18/2011,M
4/19/2011,M
4/20/2011,M
4/21/2011,M
4/22/2011,M
4/23/2011,M
4/24/2011,M
4/25/2011,M
4/26/2011,M
4/27/2011,M
4/28/2011,M
4/29/2011,M
4/30/2011,M
5/1/2011,M
5/2/2011,0
5/3/2011,M
5/4/2011,M
5/5/2011,M
5/6/2011,M
5/7/2011,M
5/8/2011,M
5/9/2011,M
5/10/2011,M
5/11/2011,M
5/12/2011,M
5/13/2011,M
5/14/2011,M
5/15/2011,M
5/16/2011,M
5/17/2011,M
5/18/2011,M
5/19/2011,M
5/20/2011,M
5/21/2011,M
5/22/2011,M
5/23/2011,M
5/24/2011,M
5/25/2011,M
5/26/2011,M
5/27/2011,M
5/28/2011,M
5/29/2011,M
5/30/2011,M
5/31/2011,M
6/1/2011,M
6/2/2011,M
6/3/2011,M
6/4/2011,M
6/5/2011,M
6/6/2011,M
6/7/2011,M
6/8/2011,M
6/9/2011,M
6/10/2011,M
6/11/2011,M
6/12/2011,M
6/13/2011,M
6/14/2011,M
6/15/2011,M
6/16/2011,M
6/17/2011,M
6/18/2011,M
6/19/2011,M
6/20/2011,M
6/21/2011,M
6/22/2011,M
6/23/2011,M
6/24/2011,M
6/25/2011,M
6/26/2011,M
6/27/2011,M
6/28/2011,M
6/29/2011,M
6/30/2011,M
7/1/2011,M
7/2/2011,M
7/3/2011,M
7/4/2011,M
7/5/2011,M
7/6/2011,M
7/7/2011,M
7/8/2011,M
7/9/2011,M
7/10/2011,M
7/11/2011,M
7/12/2011,M
7/13/2011,M
7/14/2011,M
7/15/2011,M
7/16/2011,M
7/17/2011,M
7/18/2011,M
7/19/2011,M
7/20/2011,M
7/21/2011,M
7/22/2011,M
7/23/2011,M
7/24/2011,M
7/25/2011,M
7/26/2011,M
7/27/2011,M
7/28/2011,M
7/29/2011,M
7/30/2011,M
7/31/2011,M
8/1/2011,M
8/2/2011,M
8/3/2011,M
8/4/2011,M
8/5/2011,M
8/6/2011,M
8/7/2011,M
8/8/2011,M
8/9/2011,M
8/10/2011,M
8/11/2011,M
8/12/2011,M
8/13/2011,M
8/14/2011,M
8/15/2011,M
8/16/2011,M
8/17/2011,M
8/18/2011,M
8/19/2011,M
8/20/2011,M
8/21/2011,M
8/22/2011,M
8/23/2011,M
8/24/2011,M
8/25/2011,M
8/26/2011,M
8/27/2011,M
8/28/2011,M
8/29/2011,M
8/30/2011,M
8/31/2011,M
9/1/2011,M
9/2/2011,M
9/3/2011,M
9/4/2011,M
9/5/2011,M
9/6/2011,M
9/7/2011,M
9/8/2011,M
9/9/2011,M
9/10/2011,M
9/11/2011,M
9/12/2011,M
9/13/2011,M
9/14/2011,M
9/15/2011,M
9/16/2011,M
9/17/2011,M
9/18/2011,M
9/19/2011,M
9/20/2011,M
9/21/2011,M
9/22/2011,M
9/23/2011,M
9/24/2011,M
9/25/2011,M
9/26/2011,M
9/27/2011,M
9/28/2011,M
9/29/2011,M
9/30/2011,M
10/1/2011,M
10/2/2011,M
10/3/2011,M
10/4/2011,M
10/5/2011,M
10/6/2011,M
10/7/2011,M
10/8/2011,M
10/9/2011,M
10/10/2011,M
10/11/2011,M
10/12/2011,M
10/13/2011,M
10/14/2011,M
10/15/2011,M
10/16/2011,M
10/17/2011,M
10/18/2011,M
10/19/2011,M
10/20/2011,M
10/21/2011,M
10/22/2011,M
10/23/2011,M
10/24/2011,M
10/25/2011,M
10/26/2011,M
10/27/2011,M
10/28/2011,M
10/29/2011,M
10/30/2011,M
10/31/2011,M
11/1/2011,M
11/2/2011,M
11/3/2011,M
11/4/2011,M
11/5/2011,M
11/6/2011,M
11/7/2011,M
11/8/2011,M
11/9/2011,M
11/10/2011,M
11/11/2011,4
11/12/2011,3
11/13/2011,M
11/14/2011,M
11/15/2011,M
11/16/2011,M
11/17/2011,M
11/18/2011,M
11/19/2011,M
11/20/2011,M
11/21/2011,M
11/22/2011,M
11/23/2011,M
11/24/2011,M
11/25/2011,M
11/26/2011,M
11/27/2011,M
11/28/2011,M
11/29/2011,M
11/30/2011,M
12/1/2011,M
12/2/2011,M
12/3/2011,M
12/4/2011,M
12/5/2011,M
12/6/2011,M
12/7/2011,M
12/8/2011,M
12/9/2011,M
12/10/2011,1
12/11/2011,1
12/12/2011,M
12/13/2011,M
12/14/2011,M
12/15/2011,M
12/16/2011,M
12/17/2011,M
12/18/2011,2
12/19/2011,1
12/20/2011,M
12/21/2011,M
12/22/2011,M
12/23/2011,M
12/24/2011,M
12/25/2011,M
12/26/2011,M
12/27/2011,M
12/28/2011,3
12/29/2011,3
12/30/2011,3
12/31/2011,M
1/1/2012,M
1/2/2012,3
1/3/2012,5
1/4/2012,4
1/5/2012,2
1/6/2012,2
1/7/2012,1
1/8/2012,1
1/9/2012,M
1/10/2012,M
1/11/2012,M
1/12/2012,M
1/13/2012,1
1/14/2012,4
1/15/2012,5
1/16/2012,4
1/17/2012,M
1/18/2012,5
1/19/2012,3
1/20/2012,6
1/21/2012,7
1/22/2012,6
1/23/2012,3
1/24/2012,M
1/25/2012,M
1/26/2012,M
1/27/2012,M
1/28/2012,1
1/29/2012,3
1/30/2012,4
1/31/2012,3
2/1/2012,M
2/2/2012,M
2/3/2012,M
2/4/2012,M
2/5/2012,M
2/6/2012,M
2/7/2012,M
2/8/2012,M
2/9/2012,M
2/10/2012,M
2/11/2012,4
2/12/2012,10
2/13/2012,6
2/14/2012,4
2/15/2012,3
2/16/2012,3
2/17/2012,1
2/18/2012,M
2/19/2012,M
2/20/2012,M
2/21/2012,M
2/22/2012,M
2/23/2012,M
2/24/2012,M
2/25/2012,2
2/26/2012,5
2/27/2012,4
2/28/2012,M
2/29/2012,M
3/1/2012,M
3/2/2012,M
3/3/2012,M
3/4/2012,1
3/5/2012,1
3/6/2012,1
3/7/2012,M
3/8/2012,M
3/9/2012,M
3/10/2012,M
3/11/2012,M
3/12/2012,M
3/13/2012,M
3/14/2012,M
3/15/2012,M
3/16/2012,M
3/17/2012,M
3/18/2012,M
3/19/2012,M
3/20/2012,M
3/21/2012,M
3/22/2012,M
3/23/2012,M
3/24/2012,M
3/25/2012,M
3/26/2012,M
3/27/2012,M
3/28/2012,M
3/29/2012,M
3/30/2012,M
3/31/2012,M
4/1/2012,M
4/2/2012,M
4/3/2012,M
4/4/2012,M
4/5/2012,M
4/6/2012,M
4/7/2012,M
4/8/2012,M
4/9/2012,M
4/10/2012,M
4/11/2012,1
4/12/2012,M
4/13/2012,M
4/14/2012,M
4/15/2012,M
4/16/2012,M
4/17/2012,M
4/18/2012,M
4/19/2012,M
4/20/2012,M
4/21/2012,M
4/22/2012,M
4/23/2012,M
4/24/2012,M
4/25/2012,M
4/26/2012,M
4/27/2012,M
4/28/2012,M
4/29/2012,M
4/30/2012,M
5/1/2012,M
5/2/2012,M
5/3/2012,M
5/4/2012,M
5/5/2012,M
5/6/2012,M
5/7/2012,M
5/8/2012,M
5/9/2012,M
5/10/2012,M
5/11/2012,M
5/12/2012,M
5/13/2012,M
5/14/2012,M
5/15/2012,M
5/16/2012,M
5/17/2012,M
5/18/2012,M
5/19/2012,M
5/20/2012,M
5/21/2012,M
5/22/2012,M
5/23/2012,M
5/24/2012,M
5/25/2012,M
5/26/2012,M
5/27/2012,M
5/28/2012,M
5/29/2012,M
5/30/2012,M
5/31/2012,M
6/1/2012,M
6/2/2012,M
6/3/2012,M
6/4/2012,M
6/5/2012,M
6/6/2012,M
6/7/2012,M
6/8/2012,M
6/9/2012,M
6/10/2012,M
6/11/2012,M
6/12/2012,M
6/13/2012,M
6/14/2012,M
6/15/2012,M
6/16/2012,M
6/17/2012,M
6/18/2012,M
6/19/2012,M
6/20/2012,M
6/21/2012,M
6/22/2012,M
6/23/2012,M
6/24/2012,M
6/25/2012,M
6/26/2012,M
6/27/2012,M
6/28/2012,M
6/29/2012,M
6/30/2012,M
7/1/2012,M
7/2/2012,M
7/3/2012,M
7/4/2012,M
7/5/2012,M
7/6/2012,M
7/7/2012,M
7/8/2012,M
7/9/2012,M
7/10/2012,M
7/11/2012,M
7/12/2012,M
7/13/2012,M
7/14/2012,M
7/15/2012,M
7/16/2012,M
7/17/2012,M
7/18/2012,M
7/19/2012,M
7/20/2012,M
7/21/2012,M
7/22/2012,M
7/23/2012,M
7/24/2012,M
7/25/2012,M
7/26/2012,M
7/27/2012,M
7/28/2012,M
7/29/2012,M
7/30/2012,M
7/31/2012,M
8/1/2012,M
8/2/2012,M
8/3/2012,M
8/4/2012,M
8/5/2012,M
8/6/2012,M
8/7/2012,M
8/8/2012,M
8/9/2012,M
8/10/2012,M
8/11/2012,M
8/12/2012,M
8/13/2012,M
8/14/2012,M
8/15/2012,M
8/16/2012,M
8/17/2012,M
8/18/2012,M
8/19/2012,M
8/20/2012,M
8/21/2012,M
8/22/2012,M
8/23/2012,M
8/24/2012,M
8/25/2012,M
8/26/2012,M
8/27/2012,M
8/28/2012,M
8/29/2012,M
8/30/2012,M
8/31/2012,M
9/1/2012,M
9/2/2012,M
9/3/2012,M
9/4/2012,M
9/5/2012,M
9/6/2012,M
9/7/2012,M
9/8/2012,M
9/9/2012,M
9/10/2012,M
9/11/2012,M
9/12/2012,M
9/13/2012,M
9/14/2012,M
9/15/2012,M
9/16/2012,M
9/17/2012,M
9/18/2012,M
9/19/2012,M
9/20/2012,M
9/21/2012,M
9/22/2012,M
9/23/2012,M
9/24/2012,M
9/25/2012,M
9/26/2012,M
9/27/2012,M
9/28/2012,M
9/29/2012,M
9/30/2012,M
10/1/2012,M
10/2/2012,M
10/3/2012,M
10/4/2012,M
10/5/2012,M
10/6/2012,M
10/7/2012,M
10/8/2012,M
10/9/2012,M
10/10/2012,M
10/11/2012,M
10/12/2012,M
10/13/2012,M
10/14/2012,M
10/15/2012,M
10/16/2012,M
10/17/2012,M
10/18/2012,M
10/19/2012,M
10/20/2012,M
10/21/2012,M
10/22/2012,M
10/23/2012,M
10/24/2012,M
10/25/2012,M
10/26/2012,M
10/27/2012,M
10/28/2012,M
10/29/2012,M
10/30/2012,M
10/31/2012,M
11/1/2012,M
11/2/2012,M
11/3/2012,M
11/4/2012,M
11/5/2012,M
11/6/2012,M
11/7/2012,M
11/8/2012,M
11/9/2012,M
11/10/2012,M
11/11/2012,M
11/12/2012,M
11/13/2012,M
11/14/2012,M
11/15/2012,M
11/16/2012,M
11/17/2012,M
11/18/2012,M
11/19/2012,M
11/20/2012,M
11/21/2012,M
11/22/2012,M
11/23/2012,M
11/24/2012,1
11/25/2012,1
11/26/2012,M
11/27/2012,M
11/28/2012,M
11/29/2012,M
11/30/2012,M
12/1/2012,M
12/2/2012,M
12/3/2012,M
12/4/2012,M
12/5/2012,M
12/6/2012,M
12/7/2012,M
12/8/2012,M
12/9/2012,M
12/10/2012,M
12/11/2012,M
12/12/2012,M
12/13/2012,M
12/14/2012,M
12/15/2012,M
12/16/2012,M
12/17/2012,M
12/18/2012,M
12/19/2012,M
12/20/2012,M
12/21/2012,M
12/22/2012,5
12/23/2012,5
12/24/2012,3
12/25/2012,2
12/26/2012,1
12/27/2012,8
12/28/2012,8
12/29/2012,7
12/30/2012,11
12/31/2012,12
1/1/2013,10
1/2/2013,10
1/3/2013,10
1/4/2013,9
1/5/2013,7
1/6/2013,6
1/7/2013,6
1/8/2013,6
1/9/2013,5
1/10/2013,5
1/11/2013,4
1/12/2013,3
1/13/2013,1
1/14/2013,M
1/15/2013,M
1/16/2013,M
1/17/2013,M
1/18/2013,M
1/19/2013,M
1/20/2013,M
1/21/2013,1
1/22/2013,10
1/23/2013,12
1/24/2013,12
1/25/2013,9
1/26/2013,10
1/27/2013,12
1/28/2013,9
1/29/2013,4
1/30/2013,M
1/31/2013,M
2/1/2013,2
2/2/2013,6
2/3/2013,9
2/4/2013,10
2/5/2013,9
2/6/2013,7
2/7/2013,6
2/8/2013,4
2/9/2013,3
2/10/2013,3
2/11/2013,2
2/12/2013,M
2/13/2013,M
2/14/2013,M
2/15/2013,M
2/16/2013,2
2/17/2013,8
2/18/2013,5
2/19/2013,M
2/20/2013,5
2/21/2013,4
2/22/2013,3
2/23/2013,3
2/24/2013,3
2/25/2013,2
2/26/2013,1
2/27/2013,M
2/28/2013,M
3/1/2013,M
3/2/2013,1
3/3/2013,2
3/4/2013,3
3/5/2013,1
3/6/2013,M
3/7/2013,M
3/8/2013,M
3/9/2013,M
3/10/2013,M
3/11/2013,M
3/12/2013,M
3/13/2013,M
3/14/2013,M
3/15/2013,M
3/16/2013,1
3/17/2013,2
3/18/2013,1
3/19/2013,1
3/20/2013,1
3/21/2013,4
3/22/2013,7
3/23/2013,6
3/24/2013,4
3/25/2013,3
3/26/2013,4
3/27/2013,6
3/28/2013,3
3/29/2013,M
3/30/2013,M
3/31/2013,M
4/1/2013,M
4/2/2013,M
4/3/2013,M
4/4/2013,M
4/5/2013,M
4/6/2013,M
4/7/2013,M
4/8/2013,M
4/9/2013,M
4/10/2013,M
4/11/2013,M
4/12/2013,M
4/13/2013,M
4/14/2013,M
4/15/2013,M
4/16/2013,M
4/17/2013,M
4/18/2013,M
4/19/2013,M
4/20/2013,M
4/21/2013,M
4/22/2013,M
4/23/2013,M
4/24/2013,M
4/25/2013,M
4/26/2013,M
4/27/2013,M
4/28/2013,M
4/29/2013,M
4/30/2013,M
5/1/2013,M
5/2/2013,M
5/3/2013,M
5/4/2013,M
5/5/2013,M
5/6/2013,M
5/7/2013,M
5/8/2013,M
5/9/2013,M
5/10/2013,M
5/11/2013,M
5/12/2013,M
5/13/2013,M
5/14/2013,M
5/15/2013,M
5/16/2013,M
5/17/2013,M
5/18/2013,M
5/19/2013,M
5/20/2013,M
5/21/2013,M
5/22/2013,M
5/23/2013,M
5/24/2013,M
5/25/2013,M
5/26/2013,M
5/27/2013,M
5/28/2013,M
5/29/2013,M
5/30/2013,M
5/31/2013,M
6/1/2013,M
6/2/2013,M
6/3/2013,M
6/4/2013,M
6/5/2013,M
6/6/2013,M
6/7/2013,M
6/8/2013,M
6/9/2013,M
6/10/2013,M
6/11/2013,M
6/12/2013,M
6/13/2013,M
6/14/2013,M
6/15/2013,M
6/16/2013,M
6/17/2013,M
6/18/2013,M
6/19/2013,M
6/20/2013,M
6/21/2013,M
6/22/2013,M
6/23/2013,M
6/24/2013,M
6/25/2013,M
6/26/2013,M
6/27/2013,M
6/28/2013,M
6/29/2013,M
6/30/2013,M
7/1/2013,M
7/2/2013,M
7/3/2013,M
7/4/2013,M
7/5/2013,M
7/6/2013,M
7/7/2013,M
7/8/2013,M
7/9/2013,M
7/10/2013,M
7/11/2013,M
7/12/2013,M
7/13/2013,M
7/14/2013,M
7/15/2013,M
7/16/2013,M
7/17/2013,M
7/18/2013,M
7/19/2013,M
7/20/2013,M
7/21/2013,M
7/22/2013,M
7/23/2013,M
7/24/2013,M
7/25/2013,M
7/26/2013,M
7/27/2013,M
7/28/2013,M
7/29/2013,M
7/30/2013,M
7/31/2013,M
8/1/2013,M
8/2/2013,M
8/3/2013,M
8/4/2013,M
8/5/2013,M
8/6/2013,M
8/7/2013,M
8/8/2013,M
8/9/2013,M
8/10/2013,M
8/11/2013,M
8/12/2013,M
8/13/2013,M
8/14/2013,M
8/15/2013,M
8/16/2013,M
8/17/2013,M
8/18/2013,M
8/19/2013,M
8/20/2013,M
8/21/2013,M
8/22/2013,M
8/23/2013,M
8/24/2013,M
8/25/2013,M
8/26/2013,M
8/27/2013,M
8/28/2013,M
8/29/2013,M
8/30/2013,M
8/31/2013,M
9/1/2013,M
9/2/2013,M
9/3/2013,M
9/4/2013,M
9/5/2013,M
9/6/2013,M
9/7/2013,M
9/8/2013,M
9/9/2013,M
9/10/2013,M
9/11/2013,M
9/12/2013,M
9/13/2013,M
9/14/2013,M
9/15/2013,M
9/16/2013,M
9/17/2013,M
9/18/2013,M
9/19/2013,M
9/20/2013,M
9/21/2013,M
9/22/2013,M
9/23/2013,M
9/24/2013,M
9/25/2013,M
9/26/2013,M
9/27/2013,M
9/28/2013,M
9/29/2013,M
9/30/2013,M
10/1/2013,M
10/2/2013,M
10/3/2013,M
10/4/2013,M
10/5/2013,M
10/6/2013,M
10/7/2013,M
10/8/2013,M
10/9/2013,M
10/10/2013,M
10/11/2013,M
10/12/2013,M
10/13/2013,M
10/14/2013,M
10/15/2013,M
10/16/2013,M
10/17/2013,M
10/18/2013,M
10/19/2013,M
10/20/2013,M
10/21/2013,M
10/22/2013,M
10/23/2013,M
10/24/2013,1
10/25/2013,3
10/26/2013,M
10/27/2013,M
10/28/2013,M
10/29/2013,M
10/30/2013,M
10/31/2013,M
11/1/2013,M
11/2/2013,M
11/3/2013,M
11/4/2013,M
11/5/2013,M
11/6/2013,M
11/7/2013,M
11/8/2013,M
11/9/2013,M
11/10/2013,M
11/11/2013,M
11/12/2013,3
11/13/2013,3
11/14/2013,2
11/15/2013,M
11/16/2013,M
11/17/2013,M
11/18/2013,M
11/19/2013,M
11/20/2013,M
11/21/2013,M
11/22/2013,M
11/23/2013,M
11/24/2013,M
11/25/2013,M
11/26/2013,M
11/27/2013,4
11/28/2013,5
11/29/2013,4
11/30/2013,3
12/1/2013,3
12/2/2013,2
12/3/2013,M
12/4/2013,M
12/5/2013,M
12/6/2013,1
12/7/2013,2
12/8/2013,2
12/9/2013,1
12/10/2013,M
12/11/2013,M
12/12/2013,5
12/13/2013,4
12/14/2013,5
12/15/2013,8
12/16/2013,11
12/17/2013,10
12/18/2013,9
12/19/2013,7
12/20/2013,4
12/21/2013,M
12/22/2013,M
12/23/2013,M
12/24/2013,M
12/25/2013,2
12/26/2013,2
12/27/2013,3
12/28/2013,2
12/29/2013,M
12/30/2013,3
12/31/2013,4
1/1/2014,7
1/2/2014,7
1/3/2014,15
1/4/2014,10
1/5/2014,8
1/6/2014,6
1/7/2014,4
1/8/2014,4
1/9/2014,4
1/10/2014,6
1/11/2014,M
1/12/2014,M
1/13/2014,M
1/14/2014,M
1/15/2014,M
1/16/2014,M
1/17/2014,M
1/18/2014,1
1/19/2014,2
1/20/2014,M
1/21/2014,1
1/22/2014,1
1/23/2014,3
1/24/2014,6
1/25/2014,7
1/26/2014,7
1/27/2014,9
1/28/2014,9
1/29/2014,9
1/30/2014,8
1/31/2014,6
2/1/2014,6
2/2/2014,7
2/3/2014,4
2/4/2014,4
2/5/2014,6
2/6/2014,13
2/7/2014,11
2/8/2014,11
2/9/2014,11
2/10/2014,13
2/11/2014,12
2/12/2014,11
2/13/2014,11
2/14/2014,11
2/15/2014,11
2/16/2014,10
2/17/2014,11
2/18/2014,16
2/19/2014,14
2/20/2014,10
2/21/2014,6
2/22/2014,5
2/23/2014,4
2/24/2014,4
2/25/2014,7
2/26/2014,10
2/27/2014,9
2/28/2014,10
3/1/2014,9
3/2/2014,5
3/3/2014,6
3/4/2014,6
3/5/2014,6
3/6/2014,6
3/7/2014,5
3/8/2014,4
3/9/2014,4
3/10/2014,3
3/11/2014,1
3/12/2014,M
3/13/2014,7
3/14/2014,6
3/15/2014,1
3/16/2014,M
3/17/2014,M
3/18/2014,M
3/19/2014,M
3/20/2014,M
3/21/2014,M
3/22/2014,M
3/23/2014,M
3/24/2014,M
3/25/2014,M
3/26/2014,2
3/27/2014,1
3/28/2014,M
3/29/2014,M
3/30/2014,5
3/31/2014,3
4/1/2014,M
4/2/2014,M
4/3/2014,M
4/4/2014,M
4/5/2014,M
4/6/2014,M
4/7/2014,M
4/8/2014,M
4/9/2014,M
4/10/2014,M
4/11/2014,M
4/12/2014,M
4/13/2014,M
4/14/2014,M
4/15/2014,M
4/16/2014,1
4/17/2014,M
4/18/2014,M
4/19/2014,M
4/20/2014,M
4/21/2014,M
4/22/2014,M
4/23/2014,M
4/24/2014,M
4/25/2014,M
4/26/2014,M
4/27/2014,M
4/28/2014,M
4/29/2014,M
4/30/2014,M
5/1/2014,M
5/2/2014,M
5/3/2014,M
5/4/2014,M
5/5/2014,M
5/6/2014,M
5/7/2014,M
5/8/2014,M
5/9/2014,M
5/10/2014,M
5/11/2014,M
5/12/2014,M
5/13/2014,M
5/14/2014,M
5/15/2014,M
5/16/2014,M
5/17/2014,M
5/18/2014,M
5/19/2014,M
5/20/2014,M
5/21/2014,M
5/22/2014,M
5/23/2014,M
5/24/2014,M
5/25/2014,M
5/26/2014,M
5/27/2014,M
5/28/2014,M
5/29/2014,M
5/30/2014,M
5/31/2014,M
6/1/2014,M
6/2/2014,M
6/3/2014,M
6/4/2014,M
6/5/2014,M
6/6/2014,M
6/7/2014,M
6/8/2014,M
6/9/2014,M
6/10/2014,M
6/11/2014,M
6/12/2014,M
6/13/2014,M
6/14/2014,M
6/15/2014,M
6/16/2014,M
6/17/2014,M
6/18/2014,M
6/19/2014,M
6/20/2014,M
6/21/2014,M
6/22/2014,M
6/23/2014,M
6/24/2014,M
6/25/2014,M
6/26/2014,M
6/27/2014,M
6/28/2014,M
6/29/2014,M
6/30/2014,M
7/1/2014,M
7/2/2014,M
7/3/2014,M
7/4/2014,M
7/5/2014,M
7/6/2014,M
7/7/2014,M
7/8/2014,M
7/9/2014,M
7/10/2014,M
7/11/2014,M
7/12/2014,M
7/13/2014,M
7/14/2014,M
7/15/2014,M
7/16/2014,M
7/17/2014,M
7/18/2014,M
7/19/2014,M
7/20/2014,M
7/21/2014,M
7/22/2014,M
7/23/2014,M
7/24/2014,M
7/25/2014,M
7/26/2014,M
7/27/2014,M
7/28/2014,M
7/29/2014,M
7/30/2014,M
7/31/2014,M
8/1/2014,M
8/2/2014,M
8/3/2014,M
8/4/2014,M
8/5/2014,M
8/6/2014,M
8/7/2014,M
8/8/2014,M
8/9/2014,M
8/10/2014,M
8/11/2014,M
8/12/2014,M
8/13/2014,M
8/14/2014,M
8/15/2014,M
8/16/2014,M
8/17/2014,M
8/18/2014,M
8/19/2014,M
8/20/2014,M
8/21/2014,M
8/22/2014,M
8/23/2014,M
8/24/2014,M
8/25/2014,M
8/26/2014,M
8/27/2014,M
8/28/2014,M
8/29/2014,M
8/30/2014,M
8/31/2014,M
9/1/2014,M
9/2/2014,M
9/3/2014,M
9/4/2014,M
9/5/2014,M
9/6/2014,M
9/7/2014,M
9/8/2014,M
9/9/2014,M
9/10/2014,M
9/11/2014,M
9/12/2014,M
9/13/2014,M
9/14/2014,M
9/15/2014,M
9/16/2014,M
9/17/2014,M
9/18/2014,M
9/19/2014,M
9/20/2014,M
9/21/2014,M
9/22/2014,M
9/23/2014,M
9/24/2014,M
9/25/2014,M
9/26/2014,M
9/27/2014,M
9/28/2014,M
9/29/2014,M
9/30/2014,M
10/1/2014,M
10/2/2014,M
10/3/2014,M
10/4/2014,M
10/5/2014,M
10/6/2014,M
10/7/2014,M
10/8/2014,M
10/9/2014,M
10/10/2014,M
10/11/2014,M
10/12/2014,M
10/13/2014,M
10/14/2014,M
10/15/2014,M
10/16/2014,M
10/17/2014,M
10/18/2014,M
10/19/2014,M
10/20/2014,M
10/21/2014,M
10/22/2014,M
10/23/2014,M
10/24/2014,M
10/25/2014,M
10/26/2014,M
10/27/2014,M
10/28/2014,M
10/29/2014,M
10/30/2014,M
10/31/2014,M
11/1/2014,M
11/2/2014,M
11/3/2014,M
11/4/2014,M
11/5/2014,M
11/6/2014,M
11/7/2014,M
11/8/2014,M
11/9/2014,M
11/10/2014,M
11/11/2014,M
11/12/2014,M
11/13/2014,M
11/14/2014,7
11/15/2014,8
11/16/2014,4
11/17/2014,6
11/18/2014,5
11/19/2014,5
11/20/2014,3
11/21/2014,5
11/22/2014,4
11/23/2014,M
11/24/2014,M
11/25/2014,M
11/26/2014,M
11/27/2014,M
11/28/2014,2
11/29/2014,2
11/30/2014,M
12/1/2014,M
12/2/2014,M
12/3/2014,M
12/4/2014,M
12/5/2014,M
12/6/2014,M
12/7/2014,M
12/8/2014,M
12/9/2014,M
12/10/2014,M
12/11/2014,M
12/12/2014,M
12/13/2014,M
12/14/2014,M
12/15/2014,M
12/16/2014,M
12/17/2014,M
12/18/2014,M
12/19/2014,M
12/20/2014,M
12/21/2014,M
12/22/2014,M
12/23/2014,M
12/24/2014,M
12/25/2014,M
12/26/2014,M
12/27/2014,M
12/28/2014,M
12/29/2014,M
12/30/2014,M
12/31/2014,1
1/1/2015,M
1/2/2015,M
1/3/2015,M
1/4/2015,M
1/5/2015,3
1/6/2015,4
1/7/2015,7
1/8/2015,8
1/9/2015,7
1/10/2015,8
1/11/2015,8
1/12/2015,8
1/13/2015,9
1/14/2015,7
1/15/2015,7
1/16/2015,6
1/17/2015,6
1/18/2015,4
1/19/2015,5
1/20/2015,3
1/21/2015,3
1/22/2015,5
1/23/2015,5
1/24/2015,5
1/25/2015,5
1/26/2015,5
1/27/2015,6
1/28/2015,5
1/29/2015,5
1/30/2015,10
1/31/2015,12
2/1/2015,11
2/2/2015,17
2/3/2015,16
2/4/2015,15
2/5/2015,18
2/6/2015,18
2/7/2015,16
2/8/2015,14
2/9/2015,11
2/10/2015,11
2/11/2015,10
2/12/2015,11
2/13/2015,11
2/14/2015,14
2/15/2015,16
2/16/2015,16
2/17/2015,16
2/18/2015,15
2/19/2015,19
2/20/2015,19
2/21/2015,19
2/22/2015,20
2/23/2015,21
2/24/2015,21
2/25/2015,18
2/26/2015,16
2/27/2015,18
2/28/2015,15
3/1/2015,15
3/2/2015,17
3/3/2015,16
3/4/2015,16
3/5/2015,16
3/6/2015,15
3/7/2015,14
3/8/2015,14
3/9/2015,13
3/10/2015,11
3/11/2015,9
3/12/2015,8
3/13/2015,6
3/14/2015,4
3/15/2015,2
3/16/2015,1
3/17/2015,M
3/18/2015,M
3/19/2015,M
3/20/2015,M
3/21/2015,M
3/22/2015,M
3/23/2015,M
3/24/2015,M
3/25/2015,M
3/26/2015,M
3/27/2015,M
3/28/2015,M
3/29/2015,M
3/30/2015,M
3/31/2015,M
4/1/2015,M
4/2/2015,M
4/3/2015,M
4/4/2015,M
4/5/2015,M
4/6/2015,M
4/7/2015,M
4/8/2015,M
4/9/2015,M
4/10/2015,M
4/11/2015,M
4/12/2015,M
4/13/2015,M
4/14/2015,M
4/15/2015,M
4/16/2015,M
4/17/2015,M
4/18/2015,M
4/19/2015,M
4/20/2015,M
4/21/2015,M
4/22/2015,M
4/23/2015,M
4/24/2015,M
4/25/2015,M
4/26/2015,M
4/27/2015,M
4/28/2015,M
4/29/2015,M
4/30/2015,M
5/1/2015,M
5/2/2015,M
5/3/2015,M
5/4/2015,M
5/5/2015,M
5/6/2015,M
5/7/2015,M
5/8/2015,M
5/9/2015,M
5/10/2015,M
5/11/2015,M
5/12/2015,M
5/13/2015,M
5/14/2015,M
5/15/2015,M
5/16/2015,M
5/17/2015,M
5/18/2015,M
5/19/2015,M
5/20/2015,M
5/21/2015,M
5/22/2015,M
5/23/2015,M
5/24/2015,M
5/25/2015,M
5/26/2015,M
5/27/2015,M
5/28/2015,M
5/29/2015,M
5/30/2015,M
5/31/2015,M
6/1/2015,M
6/2/2015,M
6/3/2015,M
6/4/2015,M
6/5/2015,M
6/6/2015,M
6/7/2015,M
6/8/2015,M
6/9/2015,M
6/10/2015,M
6/11/2015,M
6/12/2015,M
6/13/2015,M
6/14/2015,M
6/15/2015,M
6/16/2015,M
6/17/2015,M
6/18/2015,M
6/19/2015,M
6/20/2015,M
6/21/2015,M
6/22/2015,M
6/23/2015,M
6/24/2015,M
6/25/2015,M
6/26/2015,M
6/27/2015,M
6/28/2015,M
6/29/2015,M
6/30/2015,M
7/1/2015,M
7/2/2015,M
7/3/2015,M
7/4/2015,M
7/5/2015,M
7/6/2015,M
7/7/2015,M
7/8/2015,M
7/9/2015,M
7/10/2015,M
7/11/2015,M
7/12/2015,M
7/13/2015,M
7/14/2015,M
7/15/2015,M
7/16/2015,M
7/17/2015,M
7/18/2015,M
7/19/2015,M
7/20/2015,M
7/21/2015,M
7/22/2015,M
7/23/2015,M
7/24/2015,M
7/25/2015,M
7/26/2015,M
7/27/2015,M
7/28/2015,M
7/29/2015,M
7/30/2015,M
7/31/2015,M
8/1/2015,M
8/2/2015,M
8/3/2015,M
8/4/2015,M
8/5/2015,M
8/6/2015,M
8/7/2015,M
8/8/2015,M
8/9/2015,M
8/10/2015,M
8/11/2015,M
8/12/2015,M
8/13/2015,M
8/14/2015,M
8/15/2015,M
8/16/2015,M
8/17/2015,M
8/18/2015,M
8/19/2015,M
8/20/2015,M
8/21/2015,M
8/22/2015,M
8/23/2015,M
8/24/2015,M
8/25/2015,M
8/26/2015,M
8/27/2015,M
8/28/2015,M
8/29/2015,M
8/30/2015,M
8/31/2015,M
9/1/2015,M
9/2/2015,M
9/3/2015,M
9/4/2015,M
9/5/2015,M
9/6/2015,M
9/7/2015,M
9/8/2015,M
9/9/2015,M
9/10/2015,M
9/11/2015,M
9/12/2015,M
9/13/2015,M
9/14/2015,M
9/15/2015,M
9/16/2015,M
9/17/2015,M
9/18/2015,M
9/19/2015,M
9/20/2015,M
9/21/2015,M
9/22/2015,M
9/23/2015,M
9/24/2015,M
9/25/2015,M
9/26/2015,M
9/27/2015,M
9/28/2015,M
9/29/2015,M
9/30/2015,M
10/1/2015,M
10/2/2015,M
10/3/2015,M
10/4/2015,M
10/5/2015,M
10/6/2015,M
10/7/2015,M
10/8/2015,M
10/9/2015,M
10/10/2015,M
10/11/2015,M
10/12/2015,M
10/13/2015,M
10/14/2015,M
10/15/2015,M
10/16/2015,M
10/17/2015,M
10/18/2015,M
10/19/2015,M
10/20/2015,M
10/21/2015,M
10/22/2015,M
10/23/2015,M
10/24/2015,M
10/25/2015,M
10/26/2015,M
10/27/2015,M
10/28/2015,M
10/29/2015,M
10/30/2015,M
10/31/2015,M
11/1/2015,0
11/2/2015,0
11/3/2015,0
11/4/2015,0
11/5/2015,0
11/6/2015,0
11/7/2015,0
11/8/2015,0
11/9/2015,0
11/10/2015,0
11/11/2015,0
11/12/2015,0
11/13/2015,0
11/14/2015,0
11/15/2015,0
11/16/2015,0
11/17/2015,0
11/18/2015,0
11/19/2015,0
11/20/2015,0
11/21/2015,M
11/22/2015,2
11/23/2015,2
11/24/2015,1
11/25/2015,0
11/26/2015,0
11/27/2015,0
11/28/2015,0
11/29/2015,0
11/30/2015,0
12/1/2015,0
12/2/2015,0
12/3/2015,2
12/4/2015,0
12/5/2015,0
12/6/2015,0
12/7/2015,0
12/8/2015,0
12/9/2015,0
12/10/2015,0
12/11/2015,0
12/12/2015,0
12/13/2015,0
12/14/2015,0
12/15/2015,0
12/16/2015,0
12/17/2015,0
12/18/2015,0
12/19/2015,2
12/20/2015,3
12/21/2015,1
12/22/2015,0
12/23/2015,0
12/24/2015,0
12/25/2015,0
12/26/2015,0
12/27/2015,0
12/28/2015,0
12/29/2015,0
12/30/2015,0
12/31/2015,0
1/1/2016,0
1/2/2016,0
1/3/2016,0
1/4/2016,2
1/5/2016,3
1/6/2016,1
1/7/2016,M
1/8/2016,M
1/9/2016,0
1/10/2016,0
1/11/2016,3
1/12/2016,5
1/13/2016,10
1/14/2016,9
1/15/2016,6
1/16/2016,2
1/17/2016,2
1/18/2016,11
1/19/2016,18
1/20/2016,13
1/21/2016,11
1/22/2016,9
1/23/2016,9
1/24/2016,10
1/25/2016,6
1/26/2016,4
1/27/2016,3
1/28/2016,3
1/29/2016,5
1/30/2016,4
1/31/2016,3
2/1/2016,M
2/2/2016,0
2/3/2016,0
2/4/2016,M
2/5/2016,2
2/6/2016,0
2/7/2016,0
2/8/2016,0
2/9/2016,2
2/10/2016,7
2/11/2016,9
2/12/2016,7
2/13/2016,7
2/14/2016,8
2/15/2016,4
2/16/2016,6
2/17/2016,6
2/18/2016,6
2/19/2016,5
2/20/2016,0
2/21/2016,0
2/22/2016,0
2/23/2016,0
2/24/2016,0
2/25/2016,M
2/26/2016,4
2/27/2016,3
2/28/2016,M
2/29/2016,0
3/1/2016,0
3/2/2016,M
3/3/2016,M
3/4/2016,1
3/5/2016,1
3/6/2016,M
3/7/2016,0
3/8/2016,0
3/9/2016,0
3/10/2016,0
3/11/2016,0
3/12/2016,0
3/13/2016,0
3/14/2016,0
3/15/2016,0
3/16/2016,0
3/17/2016,0
3/18/2016,0
3/19/2016,0
3/20/2016,0
3/21/2016,0
3/22/2016,0
3/23/2016,0
3/24/2016,0
3/25/2016,0
3/26/2016,0
3/27/2016,0
3/28/2016,0
3/29/2016,0
3/30/2016,0
3/31/2016,0
4/1/2016,0
4/2/2016,0
4/3/2016,1
4/4/2016,0
4/5/2016,M
4/6/2016,0
4/7/2016,0
4/8/2016,2
4/9/2016,5
4/10/2016,2
4/11/2016,M
4/12/2016,0
4/13/2016,0
4/14/2016,0
4/15/2016,0
4/16/2016,0
4/17/2016,0
4/18/2016,0
4/19/2016,0
4/20/2016,0
4/21/2016,0
4/22/2016,0
4/23/2016,0
4/24/2016,0
4/25/2016,0
4/26/2016,0
4/27/2016,0
4/28/2016,0
4/29/2016,0
4/30/2016,0
5/1/2016,0
5/2/2016,0
5/3/2016,0
5/4/2016,0
5/5/2016,0
5/6/2016,0
5/7/2016,0
5/8/2016,0
5/9/2016,0
5/10/2016,0
5/11/2016,0
5/12/2016,0
5/13/2016,0
5/14/2016,0
5/15/2016,0
5/16/2016,0
5/17/2016,0
5/18/2016,0
5/19/2016,0
5/20/2016,0
5/21/2016,0
5/22/2016,0
5/23/2016,0
5/24/2016,0
5/25/2016,0
5/26/2016,0
5/27/2016,0
5/28/2016,0
5/29/2016,0
5/30/2016,0
5/31/2016,0
6/1/2016,0
6/2/2016,0
6/3/2016,0
6/4/2016,0
6/5/2016,0
6/6/2016,0
6/7/2016,0
6/8/2016,0
6/9/2016,0
6/10/2016,0
6/11/2016,0
6/12/2016,0
6/13/2016,0
6/14/2016,0
6/15/2016,0
6/16/2016,0
6/17/2016,0
6/18/2016,0
6/19/2016,0
6/20/2016,0
6/21/2016,0
6/22/2016,0
6/23/2016,0
6/24/2016,0
6/25/2016,0
6/26/2016,0
6/27/2016,0
6/28/2016,0
6/29/2016,0
6/30/2016,0
7/1/2016,0
7/2/2016,0
7/3/2016,0
7/4/2016,0
7/5/2016,0
7/6/2016,0
7/7/2016,0
7/8/2016,0
7/9/2016,0
7/10/2016,0
7/11/2016,0
7/12/2016,0
7/13/2016,0
7/14/2016,0
7/15/2016,0
7/16/2016,0
7/17/2016,0
7/18/2016,0
7/19/2016,0
7/20/2016,0
7/21/2016,0
7/22/2016,0
7/23/2016,0
7/24/2016,0
7/25/2016,0
7/26/2016,0
7/27/2016,0
7/28/2016,0
7/29/2016,0
7/30/2016,0
7/31/2016,0
8/1/2016,0
8/2/2016,0
8/3/2016,0
8/4/2016,0
8/5/2016,0
8/6/2016,0
8/7/2016,0
8/8/2016,0
8/9/2016,0
8/10/2016,0
8/11/2016,0
8/12/2016,0
8/13/2016,0
8/14/2016,0
8/15/2016,0
8/16/2016,0
8/17/2016,0
8/18/2016,0
8/19/2016,0
8/20/2016,0
8/21/2016,0
8/22/2016,0
8/23/2016,0
8/24/2016,0
8/25/2016,0
8/26/2016,0
8/27/2016,0
8/28/2016,0
8/29/2016,0
8/30/2016,0
8/31/2016,0
9/1/2016,0
9/2/2016,0
9/3/2016,0
9/4/2016,0
9/5/2016,0
9/6/2016,0
9/7/2016,0
9/8/2016,0
9/9/2016,0
9/10/2016,0
9/11/2016,0
9/12/2016,0
9/13/2016,0
9/14/2016,0
9/15/2016,0
9/16/2016,0
9/17/2016,0
9/18/2016,0
9/19/2016,0
9/20/2016,0
9/21/2016,0
9/22/2016,0
9/23/2016,0
9/24/2016,0
9/25/2016,0
9/26/2016,0
9/27/2016,0
9/28/2016,0
9/29/2016,0
9/30/2016,0
10/1/2016,0
10/2/2016,0
10/3/2016,0
10/4/2016,0
10/5/2016,0
10/6/2016,0
10/7/2016,0
10/8/2016,0
10/9/2016,0
10/10/2016,0
10/11/2016,0
10/12/2016,0
10/13/2016,0
10/14/2016,0
10/15/2016,0
10/16/2016,0
10/17/2016,0
10/18/2016,0
10/19/2016,0
10/20/2016,0
10/21/2016,0
10/22/2016,0
10/23/2016,0
10/24/2016,0
10/25/2016,0
10/26/2016,0
10/27/2016,0
10/28/2016,0
10/29/2016,0
10/30/2016,0
10/31/2016,0
11/1/2016,0
11/2/2016,0
11/3/2016,0
11/4/2016,0
11/5/2016,0
11/6/2016,0
11/7/2016,0
11/8/2016,0
11/9/2016,0
11/10/2016,0
11/11/2016,0
11/12/2016,0
11/13/2016,0
11/14/2016,0
11/15/2016,0
11/16/2016,0
11/17/2016,0
11/18/2016,0
11/19/2016,0
11/20/2016,2
11/21/2016,2
11/22/2016,2
11/23/2016,1
11/24/2016,0
11/25/2016,0
11/26/2016,0
11/27/2016,0
11/28/2016,0
11/29/2016,0
11/30/2016,0
12/1/2016,0
12/2/2016,0
12/3/2016,0
12/4/2016,0
12/5/2016,0
12/6/2016,0
12/7/2016,0
12/8/2016,0
12/9/2016,6
12/10/2016,19
12/11/2016,20
12/12/2016,15
12/13/2016,13
12/14/2016,12
12/15/2016,17
12/16/2016,16
12/17/2016,12
12/18/2016,9
12/19/2016,11
12/20/2016,10
12/21/2016,10
12/22/2016,9
12/23/2016,7
12/24/2016,7
12/25/2016,5
12/26/2016,4
12/27/2016,0
12/28/2016,0
12/29/2016,1
12/30/2016,3
12/31/2016,4
1/1/2017,0
1/2/2017,M
1/3/2017,0
1/4/2017,M
1/5/2017,M
1/6/2017,3
1/7/2017,3
1/8/2017,6
1/9/2017,5
1/10/2017,6
1/11/2017,M
1/12/2017,0
1/13/2017,0
1/14/2017,0
1/15/2017,0
1/16/2017,0
1/17/2017,0
1/18/2017,0
1/19/2017,0
1/20/2017,0
1/21/2017,0
1/22/2017,0
1/23/2017,0
1/24/2017,0
1/25/2017,0
1/26/2017,0
1/27/2017,2
1/28/2017,4
1/29/2017,4
1/30/2017,13
1/31/2017,14
2/1/2017,10
2/2/2017,10
2/3/2017,10
2/4/2017,8
2/5/2017,8
2/6/2017,6
2/7/2017,3
2/8/2017,0
2/9/2017,1
2/10/2017,1
2/11/2017,1
2/12/2017,0
2/13/2017,M
2/14/2017,0
2/15/2017,1
2/16/2017,4
2/17/2017,3
2/18/2017,2
2/19/2017,0
2/20/2017,0
2/21/2017,0
2/22/2017,0
2/23/2017,0
2/24/2017,0
2/25/2017,0
2/26/2017,1
2/27/2017,0
2/28/2017,0
3/1/2017,0
3/2/2017,1
3/3/2017,2
3/4/2017,M
3/5/2017,0
3/6/2017,0
3/7/2017,0
3/8/2017,0
3/9/2017,0
3/10/2017,1
3/11/2017,0
3/12/2017,0
3/13/2017,0
3/14/2017,4
3/15/2017,10
3/16/2017,8
3/17/2017,7
3/18/2017,4
3/19/2017,2
3/20/2017,1
3/21/2017,0
3/22/2017,M
3/23/2017,0
3/24/2017,0
3/25/2017,0
3/26/2017,0
3/27/2017,0
3/28/2017,0
3/29/2017,0
3/30/2017,0
3/31/2017,0
4/1/2017,0
4/2/2017,0
4/3/2017,0
4/4/2017,0
4/5/2017,0
4/6/2017,0
4/7/2017,5
4/8/2017,4
4/9/2017,M
4/10/2017,0
4/11/2017,0
4/12/2017,0
4/13/2017,0
4/14/2017,0
4/15/2017,0
4/16/2017,0
4/17/2017,0
4/18/2017,0
4/19/2017,0
4/20/2017,0
4/21/2017,0
4/22/2017,0
4/23/2017,0
4/24/2017,0
4/25/2017,0
4/26/2017,0
4/27/2017,0
4/28/2017,0
4/29/2017,0
4/30/2017,0
5/1/2017,0
5/2/2017,0
5/3/2017,0
5/4/2017,0
5/5/2017,0
5/6/2017,0
5/7/2017,0
5/8/2017,0
5/9/2017,0
5/10/2017,0
5/11/2017,0
5/12/2017,0
5/13/2017,0
5/14/2017,0
5/15/2017,0
5/16/2017,0
5/17/2017,0
5/18/2017,0
5/19/2017,0
5/20/2017,0
5/21/2017,0
5/22/2017,0
5/23/2017,0
5/24/2017,0
5/25/2017,0
5/26/2017,0
5/27/2017,0
5/28/2017,0
5/29/2017,0
5/30/2017,0
5/31/2017,0
6/1/2017,0
6/2/2017,0
6/3/2017,0
6/4/2017,0
6/5/2017,0
6/6/2017,0
6/7/2017,0
6/8/2017,0
6/9/2017,0
6/10/2017,0
6/11/2017,0
6/12/2017,0
6/13/2017,0
6/14/2017,0
6/15/2017,0
6/16/2017,0
6/17/2017,0
6/18/2017,0
6/19/2017,0
6/20/2017,0
6/21/2017,0
6/22/2017,0
6/23/2017,0
6/24/2017,0
6/25/2017,0
6/26/2017,0
6/27/2017,0
6/28/2017,0
6/29/2017,0
6/30/2017,0
7/1/2017,0
7/2/2017,0
7/3/2017,0
7/4/2017,0
7/5/2017,0
7/6/2017,0
7/7/2017,0
7/8/2017,0
7/9/2017,0
7/10/2017,0
7/11/2017,0
7/12/2017,0
7/13/2017,0
7/14/2017,0
7/15/2017,0
7/16/2017,0
7/17/2017,0
7/18/2017,0
7/19/2017,0
7/20/2017,0
7/21/2017,0
7/22/2017,0
7/23/2017,0
7/24/2017,0
7/25/2017,0
7/26/2017,0
7/27/2017,0
7/28/2017,0
7/29/2017,0
7/30/2017,0
7/31/2017,0
8/1/2017,0
8/2/2017,0
8/3/2017,0
8/4/2017,0
8/5/2017,0
8/6/2017,0
8/7/2017,0
8/8/2017,0
8/9/2017,0
8/10/2017,0
8/11/2017,0
8/12/2017,0
8/13/2017,0
8/14/2017,0
8/15/2017,0
8/16/2017,0
8/17/2017,0
8/18/2017,0
8/19/2017,0
8/20/2017,0
8/21/2017,0
8/22/2017,0
8/23/2017,0
8/24/2017,0
8/25/2017,0
8/26/2017,0
8/27/2017,0
8/28/2017,0
8/29/2017,0
8/30/2017,0
8/31/2017,0
9/1/2017,0
9/2/2017,0
9/3/2017,0
9/4/2017,0
9/5/2017,0
9/6/2017,0
9/7/2017,0
9/8/2017,0
9/9/2017,0
9/10/2017,0
9/11/2017,0
9/12/2017,0
9/13/2017,0
9/14/2017,0
9/15/2017,0
9/16/2017,0
9/17/2017,0
9/18/2017,0
9/19/2017,0
9/20/2017,0
9/21/2017,0
9/22/2017,0
9/23/2017,0
9/24/2017,0
9/25/2017,0
9/26/2017,0
9/27/2017,0
9/28/2017,0
9/29/2017,0
9/30/2017,0
10/1/2017,0
10/2/2017,0
10/3/2017,0
10/4/2017,0
10/5/2017,0
10/6/2017,0
10/7/2017,0
10/8/2017,0
10/9/2017,0
10/10/2017,0
10/11/2017,0
10/12/2017,0
10/13/2017,0
10/14/2017,0
10/15/2017,0
10/16/2017,0
10/17/2017,0
10/18/2017,0
10/19/2017,0
10/20/2017,0
10/21/2017,0
10/22/2017,0
10/23/2017,0
10/24/2017,0
10/25/2017,0
10/26/2017,0
10/27/2017,0
10/28/2017,0
10/29/2017,0
10/30/2017,0
10/31/2017,0
11/1/2017,0
11/2/2017,0
11/3/2017,0
11/4/2017,0
11/5/2017,0
11/6/2017,0
11/7/2017,0
11/8/2017,0
11/9/2017,0
11/10/2017,0
11/11/2017,M
11/12/2017,0
11/13/2017,0
11/14/2017,0
11/15/2017,0
11/16/2017,0
11/17/2017,0
11/18/2017,0
11/19/2017,0
11/20/2017,1
11/21/2017,0
11/22/2017,0
11/23/2017,0
11/24/2017,0
11/25/2017,0
11/26/2017,0
11/27/2017,0
11/28/2017,0
11/29/2017,0
11/30/2017,0
12/1/2017,0
12/2/2017,0
12/3/2017,0
12/4/2017,0
12/5/2017,0
12/6/2017,0
12/7/2017,0
12/8/2017,M
12/9/2017,0
12/10/2017,1
12/11/2017,1
12/12/2017,3
12/13/2017,4
12/14/2017,8
12/15/2017,8
12/16/2017,9
12/17/2017,8
12/18/2017,5
12/19/2017,1
12/20/2017,0
12/21/2017,0
12/22/2017,0
12/23/2017,0
12/24/2017,1
12/25/2017,6
12/26/2017,6
12/27/2017,9
12/28/2017,10
12/29/2017,9
12/30/2017,9
12/31/2017,12
1/1/2018,10
1/2/2018,13
1/3/2018,12
1/4/2018,13
1/5/2018,12
1/6/2018,9
1/7/2018,9
1/8/2018,7
1/9/2018,7
1/10/2018,7
1/11/2018,2
1/12/2018,0
1/13/2018,6
1/14/2018,7
1/15/2018,5
1/16/2018,7
1/17/2018,5
1/18/2018,5
1/19/2018,5
1/20/2018,5
1/21/2018,4
1/22/2018,1
1/23/2018,0
1/24/2018,M
1/25/2018,1
1/26/2018,1
1/27/2018,0
1/28/2018,0
1/29/2018,0
1/30/2018,7
1/31/2018,6
2/1/2018,4
2/2/2018,2
2/3/2018,2
2/4/2018,2
2/5/2018,6
2/6/2018,7
2/7/2018,7
2/8/2018,8
2/9/2018,7
2/10/2018,7
2/11/2018,5
2/12/2018,4
2/13/2018,4
2/14/2018,3
2/15/2018,M
2/16/2018,0
2/17/2018,0
2/18/2018,1
2/19/2018,0
2/20/2018,0
2/21/2018,0
2/22/2018,0
2/23/2018,0
2/24/2018,0
2/25/2018,0
2/26/2018,0
2/27/2018,0
2/28/2018,0
3/1/2018,0
3/2/2018,8
3/3/2018,6
3/4/2018,5
3/5/2018,4
3/6/2018,4
3/7/2018,3
3/8/2018,7
3/9/2018,17
3/10/2018,14
3/11/2018,10
3/12/2018,9
3/13/2018,9
3/14/2018,11
3/15/2018,12
3/16/2018,10
3/17/2018,10
3/18/2018,8
3/19/2018,4
3/20/2018,3
3/21/2018,2
3/22/2018,2
3/23/2018,M
3/24/2018,M
3/25/2018,M
3/26/2018,M
3/27/2018,0
3/28/2018,0
3/29/2018,0
3/30/2018,0
3/31/2018,0
4/1/2018,0
4/2/2018,0
4/3/2018,0
4/4/2018,0
4/5/2018,M
4/6/2018,M
4/7/2018,1
4/8/2018,M
4/9/2018,0
4/10/2018,0
4/11/2018,0
4/12/2018,0
4/13/2018,0
4/14/2018,0
4/15/2018,0
4/16/2018,0
4/17/2018,M
4/18/2018,M
4/19/2018,M
4/20/2018,0
4/21/2018,0
4/22/2018,0
4/23/2018,0
4/24/2018,0
4/25/2018,0
4/26/2018,0
4/27/2018,0
4/28/2018,0
4/29/2018,M
4/30/2018,0
5/1/2018,0
5/2/2018,0
5/3/2018,0
5/4/2018,0
5/5/2018,0
5/6/2018,0
5/7/2018,0
5/8/2018,0
5/9/2018,0
5/10/2018,0
5/11/2018,0
5/12/2018,0
5/13/2018,0
5/14/2018,0
5/15/2018,0
5/16/2018,0
5/17/2018,0
5/18/2018,0
5/19/2018,0
5/20/2018,0
5/21/2018,0
5/22/2018,0
5/23/2018,0
5/24/2018,0
5/25/2018,0
5/26/2018,0
5/27/2018,0
5/28/2018,0
5/29/2018,0
5/30/2018,0
5/31/2018,0
6/1/2018,0
6/2/2018,0
6/3/2018,0
6/4/2018,0
6/5/2018,0
6/6/2018,0
6/7/2018,0
6/8/2018,0
6/9/2018,0
6/10/2018,0
6/11/2018,0
6/12/2018,0
6/13/2018,0
6/14/2018,0
6/15/2018,0
6/16/2018,0
6/17/2018,0
6/18/2018,0
6/19/2018,0
6/20/2018,0
6/21/2018,0
6/22/2018,0
6/23/2018,0
6/24/2018,0
6/25/2018,0
6/26/2018,0
6/27/2018,0
6/28/2018,0
6/29/2018,0
6/30/2018,0
7/1/2018,0
7/2/2018,0
7/3/2018,0
7/4/2018,0
7/5/2018,0
7/6/2018,0
7/7/2018,0
7/8/2018,0
7/9/2018,0
7/10/2018,0
7/11/2018,0
7/12/2018,0
7/13/2018,0
7/14/2018,0
7/15/2018,0
7/16/2018,0
7/17/2018,0
7/18/2018,0
7/19/2018,0
7/20/2018,0
7/21/2018,0
7/22/2018,0
7/23/2018,0
7/24/2018,0
7/25/2018,0
7/26/2018,0
7/27/2018,0
7/28/2018,0
7/29/2018,0
7/30/2018,0
7/31/2018,0
8/1/2018,0
8/2/2018,0
8/3/2018,0
8/4/2018,0
8/5/2018,0
8/6/2018,0
8/7/2018,0
8/8/2018,0
8/9/2018,0
8/10/2018,0
8/11/2018,0
8/12/2018,0
8/13/2018,0
8/14/2018,0
8/15/2018,0
8/16/2018,0
8/17/2018,0
8/18/2018,0
8/19/2018,0
8/20/2018,0
8/21/2018,0
8/22/2018,0
8/23/2018,0
8/24/2018,0
8/25/2018,0
8/26/2018,0
8/27/2018,0
8/28/2018,0
8/29/2018,0
8/30/2018,0
8/31/2018,0
9/1/2018,0
9/2/2018,0
9/3/2018,0
9/4/2018,0
9/5/2018,0
9/6/2018,0
9/7/2018,0
9/8/2018,0
9/9/2018,0
9/10/2018,0
9/11/2018,0
9/12/2018,0
9/13/2018,0
9/14/2018,0
9/15/2018,0
9/16/2018,0
9/17/2018,0
9/18/2018,0
9/19/2018,0
9/20/2018,0
9/21/2018,0
9/22/2018,0
9/23/2018,0
9/24/2018,0
9/25/2018,0
9/26/2018,0
9/27/2018,0
9/28/2018,0
9/29/2018,0
9/30/2018,0
10/1/2018,0
10/2/2018,0
10/3/2018,0
10/4/2018,0
10/5/2018,0
10/6/2018,0
10/7/2018,0
10/8/2018,0
10/9/2018,0
10/10/2018,0
10/11/2018,0
10/12/2018,0
10/13/2018,0
10/14/2018,0
10/15/2018,0
10/16/2018,0
10/17/2018,0
10/18/2018,0
10/19/2018,0
10/20/2018,0
10/21/2018,0
10/22/2018,0
10/23/2018,0
10/24/2018,0
10/25/2018,0
10/26/2018,0
10/27/2018,0
10/28/2018,0
10/29/2018,0
10/30/2018,0
10/31/2018,0
11/1/2018,0
11/2/2018,0
11/3/2018,0
11/4/2018,0
11/5/2018,0
11/6/2018,0
11/7/2018,0
11/8/2018,0
11/9/2018,M
11/10/2018,M
11/11/2018,M
11/12/2018,0
11/13/2018,0
11/14/2018,0
11/15/2018,0
11/16/2018,M
11/17/2018,0
11/18/2018,0
11/19/2018,M
11/20/2018,M
11/21/2018,M
11/22/2018,0
11/23/2018,0
11/24/2018,0
11/25/2018,0
11/26/2018,0
11/27/2018,6
11/28/2018,6
11/29/2018,4
11/30/2018,3
12/1/2018,2
12/2/2018,0
12/3/2018,0
12/4/2018,M
12/5/2018,M
12/6/2018,M
12/7/2018,1
12/8/2018,2
12/9/2018,2
12/10/2018,1
12/11/2018,1
12/12/2018,M
12/13/2018,M
12/14/2018,0
12/15/2018,0
12/16/2018,0
12/17/2018,0
12/18/2018,0
12/19/2018,0
12/20/2018,0
12/21/2018,0
12/22/2018,1
12/23/2018,M
12/24/2018,0
12/25/2018,0
12/26/2018,0
12/27/2018,0
12/28/2018,0
12/29/2018,0
12/30/2018,0
12/31/2018,0
1/1/2019,0
1/2/2019,M
1/3/2019,M
1/4/2019,0
1/5/2019,0
1/6/2019,0
1/7/2019,0
1/8/2019,0
1/9/2019,M
1/10/2019,4
1/11/2019,3
1/12/2019,2
1/13/2019,3
1/14/2019,3
1/15/2019,2
1/16/2019,2
1/17/2019,2
1/18/2019,4
1/19/2019,4
1/20/2019,16
1/21/2019,17
1/22/2019,15
1/23/2019,10
1/24/2019,2
1/25/2019,1
1/26/2019,3
1/27/2019,6
1/28/2019,5
1/29/2019,2
1/30/2019,3
1/31/2019,2
2/1/2019,3
2/2/2019,3
2/3/2019,2
2/4/2019,1
2/5/2019,0
2/6/2019,0
2/7/2019,0
2/8/2019,0
2/9/2019,M
2/10/2019,0
2/11/2019,1
2/12/2019,0
2/13/2019,M
2/14/2019,M
2/15/2019,0
2/16/2019,0
2/17/2019,0
2/18/2019,2
2/19/2019,1
2/20/2019,M
2/21/2019,0
2/22/2019,0
2/23/2019,0
2/24/2019,0
2/25/2019,M
2/26/2019,1
2/27/2019,M
2/28/2019,M
3/1/2019,0
3/2/2019,0
3/3/2019,0
3/4/2019,1
3/5/2019,M
3/6/2019,5
3/7/2019,4
3/8/2019,3
3/9/2019,3
3/10/2019,0
3/11/2019,0
3/12/2019,0
3/13/2019,0
3/14/2019,0
3/15/2019,0
3/16/2019,0
3/17/2019,0
3/18/2019,0
3/19/2019,0
3/20/2019,0
3/21/2019,0
3/22/2019,0
3/23/2019,0
3/24/2019,0
3/25/2019,0
3/26/2019,0
3/27/2019,0
3/28/2019,0
3/29/2019,0
3/30/2019,0
3/31/2019,4
4/1/2019,4
4/2/2019,1
4/3/2019,0
4/4/2019,0
4/5/2019,0
4/6/2019,0
4/7/2019,0
4/8/2019,0
4/9/2019,0
4/10/2019,0
4/11/2019,0
4/12/2019,0
4/13/2019,0
4/14/2019,0
4/15/2019,0
4/16/2019,0
4/17/2019,0
4/18/2019,0
4/19/2019,0
4/20/2019,0
4/21/2019,0
4/22/2019,0
4/23/2019,0
4/24/2019,0
4/25/2019,0
4/26/2019,0
4/27/2019,0
4/28/2019,0
4/29/2019,0
4/30/2019,0
5/1/2019,0
5/2/2019,0
5/3/2019,0
5/4/2019,0
5/5/2019,0
5/6/2019,0
5/7/2019,0
5/8/2019,0
5/9/2019,0
5/10/2019,0
5/11/2019,0
5/12/2019,0
5/13/2019,0
5/14/2019,0
5/15/2019,0
5/16/2019,0
5/17/2019,0
5/18/2019,0
5/19/2019,0
5/20/2019,0
5/21/2019,0
5/22/2019,0
5/23/2019,0
5/24/2019,0
5/25/2019,0
5/26/2019,0
5/27/2019,0
5/28/2019,0
5/29/2019,0
5/30/2019,0
5/31/2019,0
6/1/2019,0
6/2/2019,0
6/3/2019,0
6/4/2019,0
6/5/2019,0
6/6/2019,0
6/7/2019,0
6/8/2019,0
6/9/2019,0
6/10/2019,0
6/11/2019,0
6/12/2019,0
6/13/2019,0
6/14/2019,0
6/15/2019,0
6/16/2019,0
6/17/2019,0
6/18/2019,0
6/19/2019,0
6/20/2019,0
6/21/2019,0
6/22/2019,0
6/23/2019,0
6/24/2019,0
6/25/2019,0
6/26/2019,0
6/27/2019,0
6/28/2019,0
6/29/2019,0
6/30/2019,0
7/1/2019,0
7/2/2019,0
7/3/2019,0
7/4/2019,0
7/5/2019,0
7/6/2019,0
7/7/2019,0
7/8/2019,0
7/9/2019,0
7/10/2019,0
7/11/2019,0
7/12/2019,0
7/13/2019,0
7/14/2019,0
7/15/2019,0
7/16/2019,0
7/17/2019,0
7/18/2019,0
7/19/2019,0
7/20/2019,0
7/21/2019,0
7/22/2019,0
7/23/2019,0
7/24/2019,0
7/25/2019,0
7/26/2019,0
7/27/2019,0
7/28/2019,0
7/29/2019,0
7/30/2019,0
7/31/2019,0
8/1/2019,0
8/2/2019,0
8/3/2019,0
8/4/2019,0
8/5/2019,0
8/6/2019,0
8/7/2019,0
8/8/2019,0
8/9/2019,0
8/10/2019,0
8/11/2019,0
8/12/2019,0
8/13/2019,0
8/14/2019,0
8/15/2019,0
8/16/2019,0
8/17/2019,0
8/18/2019,0
8/19/2019,0
8/20/2019,0
8/21/2019,0
8/22/2019,0
8/23/2019,0
8/24/2019,0
8/25/2019,0
8/26/2019,0
8/27/2019,0
8/28/2019,0
8/29/2019,0
8/30/2019,0
8/31/2019,0
9/1/2019,0
9/2/2019,0
9/3/2019,0
9/4/2019,0
9/5/2019,0
9/6/2019,0
9/7/2019,0
9/8/2019,0
9/9/2019,0
9/10/2019,0
9/11/2019,0
9/12/2019,0
9/13/2019,0
9/14/2019,0
9/15/2019,0
9/16/2019,0
9/17/2019,0
9/18/2019,0
9/19/2019,0
9/20/2019,0
9/21/2019,0
9/22/2019,0
9/23/2019,0
9/24/2019,0
9/25/2019,0
9/26/2019,0
9/27/2019,0
9/28/2019,0
9/29/2019,0
9/30/2019,0
10/1/2019,0
10/2/2019,0
10/3/2019,0
10/4/2019,0
10/5/2019,0
10/6/2019,0
10/7/2019,0
10/8/2019,0
10/9/2019,0
10/10/2019,0
10/11/2019,0
10/12/2019,0
10/13/2019,0
10/14/2019,0
10/15/2019,0
10/16/2019,0
10/17/2019,0
10/18/2019,0
10/19/2019,0
10/20/2019,0
10/21/2019,0
10/22/2019,0
10/23/2019,0
10/24/2019,0
10/25/2019,0
10/26/2019,0
10/27/2019,0
10/28/2019,0
10/29/2019,0
10/30/2019,0
10/31/2019,0
11/1/2019,M
11/2/2019,0
11/3/2019,0
11/4/2019,0
11/5/2019,0
11/6/2019,0
11/7/2019,0
11/8/2019,2
11/9/2019,2
11/10/2019,0
11/11/2019,0
11/12/2019,6
11/13/2019,8
11/14/2019,7
11/15/2019,3
11/16/2019,1
11/17/2019,1
11/18/2019,M
11/19/2019,M
11/20/2019,0
11/21/2019,0
11/22/2019,0
11/23/2019,0
11/24/2019,0
11/25/2019,0
11/26/2019,0
11/27/2019,0
11/28/2019,0
11/29/2019,0
11/30/2019,0
12/1/2019,0
12/2/2019,0
12/3/2019,M
12/4/2019,M
12/5/2019,3
12/6/2019,1
12/7/2019,0
12/8/2019,0
12/9/2019,0
12/10/2019,0
12/11/2019,0
12/12/2019,0
12/13/2019,0
12/14/2019,0
12/15/2019,M
12/16/2019,M
12/17/2019,1
12/18/2019,3
12/19/2019,2
12/20/2019,2
12/21/2019,2
12/22/2019,1
12/23/2019,M
12/24/2019,M
12/25/2019,0
12/26/2019,0
12/27/2019,0
12/28/2019,0
12/29/2019,0
12/30/2019,0
12/31/2019,M
1/1/2020,3
1/2/2020,1
1/3/2020,0
1/4/2020,0
1/5/2020,1
1/6/2020,M
1/7/2020,0
1/8/2020,3
1/9/2020,3
1/10/2020,0
1/11/2020,0
1/12/2020,M
1/13/2020,0
1/14/2020,0
1/15/2020,0
1/16/2020,0
1/17/2020,1
1/18/2020,4
1/19/2020,6
1/20/2020,11
1/21/2020,7
1/22/2020,4
1/23/2020,4
1/24/2020,3
1/25/2020,0
1/26/2020,1
1/27/2020,1
1/28/2020,1
1/29/2020,1
1/30/2020,1
1/31/2020,1
2/1/2020,1
2/2/2020,3
2/3/2020,0
2/4/2020,0
2/5/2020,0
2/6/2020,0
2/7/2020,1
2/8/2020,8
2/9/2020,7
2/10/2020,4
2/11/2020,4
2/12/2020,3
2/13/2020,7
2/14/2020,8
2/15/2020,7
2/16/2020,6
2/17/2020,4
2/18/2020,3
2/19/2020,1
2/20/2020,M
2/21/2020,M
2/22/2020,M
2/23/2020,M
2/24/2020,0
2/25/2020,0
2/26/2020,0
2/27/2020,4
2/28/2020,4
2/29/2020,10
3/1/2020,10
3/2/2020,2
3/3/2020,0
3/4/2020,0
3/5/2020,0
3/6/2020,0
3/7/2020,M
3/8/2020,0
3/9/2020,0
3/10/2020,0
3/11/2020,0
3/12/2020,0
3/13/2020,0
3/14/2020,0
3/15/2020,0
3/16/2020,0
3/17/2020,0
3/18/2020,0
3/19/2020,0
3/20/2020,0
3/21/2020,0
3/22/2020,0
3/23/2020,0
3/24/2020,0
3/25/2020,0
3/26/2020,0
3/27/2020,0
3/28/2020,0
3/29/2020,0
3/30/2020,0
3/31/2020,0
4/1/2020,0
4/2/2020,0
4/3/2020,0
4/4/2020,0
4/5/2020,0
4/6/2020,0
4/7/2020,0
4/8/2020,0
4/9/2020,0
4/10/2020,M
4/11/2020,0
4/12/2020,0
4/13/2020,0
4/14/2020,0
4/15/2020,M
4/16/2020,2
4/17/2020,0
4/18/2020,M
4/19/2020,0
4/20/2020,0
4/21/2020,0
4/22/2020,0
4/23/2020,0
4/24/2020,0
4/25/2020,0
4/26/2020,0
4/27/2020,0
4/28/2020,0
4/29/2020,0
4/30/2020,0
5/1/2020,0
5/2/2020,0
5/3/2020,0
5/4/2020,0
5/5/2020,0
5/6/2020,0
5/7/2020,0
5/8/2020,0
5/9/2020,0
5/10/2020,0
5/11/2020,M
5/12/2020,0
5/13/2020,0
5/14/2020,0
5/15/2020,0
5/16/2020,0
5/17/2020,0
5/18/2020,0
5/19/2020,0
5/20/2020,0
5/21/2020,0
5/22/2020,0
5/23/2020,0
5/24/2020,0
5/25/2020,0
5/26/2020,0
5/27/2020,0
5/28/2020,0
5/29/2020,0
5/30/2020,0
5/31/2020,0
6/1/2020,0
6/2/2020,0
6/3/2020,0
6/4/2020,0
6/5/2020,0
6/6/2020,0
6/7/2020,0
6/8/2020,0
6/9/2020,0
6/10/2020,0
6/11/2020,0
6/12/2020,0
6/13/2020,0
6/14/2020,0
6/15/2020,0
6/16/2020,0
6/17/2020,0
6/18/2020,0
6/19/2020,0
6/20/2020,0
6/21/2020,0
6/22/2020,0
6/23/2020,0
6/24/2020,0
6/25/2020,0
6/26/2020,0
6/27/2020,0
6/28/2020,0
6/29/2020,0
6/30/2020,0
7/1/2020,0
7/2/2020,0
7/3/2020,0
7/4/2020,0
7/5/2020,0
7/6/2020,0
7/7/2020,0
7/8/2020,0
7/9/2020,0
7/10/2020,0
7/11/2020,0
7/12/2020,0
7/13/2020,0
7/14/2020,0
7/15/2020,0
7/16/2020,0
7/17/2020,0
7/18/2020,0
7/19/2020,0
7/20/2020,0
7/21/2020,0
7/22/2020,0
7/23/2020,0
7/24/2020,0
7/25/2020,0
7/26/2020,0
7/27/2020,0
7/28/2020,0
7/29/2020,0
7/30/2020,0
7/31/2020,0
8/1/2020,0
8/2/2020,0
8/3/2020,0
8/4/2020,0
8/5/2020,0
8/6/2020,0
8/7/2020,0
8/8/2020,0
8/9/2020,0
8/10/2020,0
8/11/2020,0
8/12/2020,0
8/13/2020,0
8/14/2020,0
8/15/2020,0
8/16/2020,0
8/17/2020,0
8/18/2020,0
8/19/2020,0
8/20/2020,0
8/21/2020,0
8/22/2020,0
8/23/2020,0
8/24/2020,0
8/25/2020,0
8/26/2020,0
8/27/2020,0
8/28/2020,0
8/29/2020,0
8/30/2020,0
8/31/2020,0
9/1/2020,0
9/2/2020,0
9/3/2020,0
9/4/2020,0
9/5/2020,0
9/6/2020,0
9/7/2020,0
9/8/2020,0
9/9/2020,0
9/10/2020,0
9/11/2020,0
9/12/2020,0
9/13/2020,0
9/14/2020,0
9/15/2020,0
9/16/2020,0
9/17/2020,0
9/18/2020,0
9/19/2020,0
9/20/2020,0
9/21/2020,0
9/22/2020,0
9/23/2020,0
9/24/2020,0
9/25/2020,0
9/26/2020,0
9/27/2020,0
9/28/2020,0
9/29/2020,0
9/30/2020,0
10/1/2020,0
10/2/2020,0
10/3/2020,0
10/4/2020,0
10/5/2020,0
10/6/2020,0
10/7/2020,0
10/8/2020,0
10/9/2020,0
10/10/2020,0
10/11/2020,0
10/12/2020,0
10/13/2020,0
10/14/2020,0
10/15/2020,0
10/16/2020,0
10/17/2020,0
10/18/2020,0
10/19/2020,0
10/20/2020,0
10/21/2020,0
10/22/2020,0
10/23/2020,0
10/24/2020,0
10/25/2020,0
10/26/2020,0
10/27/2020,0
10/28/2020,0
10/29/2020,0
10/30/2020,0
10/31/2020,0
11/1/2020,0
11/2/2020,M
11/3/2020,0
11/4/2020,0
11/5/2020,0
11/6/2020,0
11/7/2020,0
11/8/2020,0
11/9/2020,0
11/10/2020,0
11/11/2020,0
11/12/2020,0
11/13/2020,0
11/14/2020,0
11/15/2020,0
11/16/2020,0
11/17/2020,M
11/18/2020,M
11/19/2020,0
11/20/2020,0
11/21/2020,0
11/22/2020,0
11/23/2020,M
11/24/2020,0
11/25/2020,0
11/26/2020,0
11/27/2020,0
11/28/2020,0
11/29/2020,0
11/30/2020,0
12/1/2020,9
12/2/2020,20
12/3/2020,15
12/4/2020,14
12/5/2020,8
12/6/2020,8
12/7/2020,7
12/8/2020,6
12/9/2020,5
12/10/2020,5
12/11/2020,4
12/12/2020,3
12/13/2020,0
12/14/2020,0
12/15/2020,0
12/16/2020,0
12/17/2020,1
12/18/2020,2
12/19/2020,1
12/20/2020,1
12/21/2020,M
12/22/2020,0
12/23/2020,0
12/24/2020,0
12/25/2020,12
12/26/2020,14
12/27/2020,10
12/28/2020,4
12/29/2020,5
12/30/2020,4
12/31/2020,M
1/1/2021,0
1/2/2021,0
1/3/2021,0
1/4/2021,M
1/5/2021,0
1/6/2021,0
1/7/2021,0
1/8/2021,0
1/9/2021,0
1/10/2021,0
1/11/2021,0
1/12/2021,0
1/13/2021,0
1/14/2021,0
1/15/2021,0
1/16/2021,M
1/17/2021,M
1/18/2021,2
1/19/2021,3
1/20/2021,6
1/21/2021,4
1/22/2021,2
1/23/2021,4
1/24/2021,4
1/25/2021,5
1/26/2021,3
1/27/2021,3
1/28/2021,5
1/29/2021,4
1/30/2021,4
1/31/2021,5
2/1/2021,5
2/2/2021,6
2/3/2021,6
2/4/2021,6
2/5/2021,5
2/6/2021,5
2/7/2021,6
2/8/2021,6
2/9/2021,7
2/10/2021,7
2/11/2021,7
2/12/2021,7
2/13/2021,6
2/14/2021,6
2/15/2021,6
2/16/2021,9
2/17/2021,14
2/18/2021,10
2/19/2021,10
2/20/2021,11
2/21/2021,11
2/22/2021,9
2/23/2021,9
2/24/2021,6
2/25/2021,4
2/26/2021,3
2/27/2021,0
2/28/2021,0
3/1/2021,0
3/2/2021,M
3/3/2021,0
3/4/2021,0
3/5/2021,0
3/6/2021,0
3/7/2021,0
3/8/2021,0
3/9/2021,0
3/10/2021,0
3/11/2021,0
3/12/2021,0
3/13/2021,0
3/14/2021,0
3/15/2021,0
3/16/2021,0
3/17/2021,0
3/18/2021,0
3/19/2021,0
3/20/2021,0
3/21/2021,0
3/22/2021,0
3/23/2021,0
3/24/2021,0
3/25/2021,0
3/26/2021,0
3/27/2021,0
3/28/2021,0
3/29/2021,0
3/30/2021,0
3/31/2021,0
4/1/2021,2
4/2/2021,2
4/3/2021,0
4/4/2021,0
4/5/2021,0
4/6/2021,0
4/7/2021,0
4/8/2021,0
4/9/2021,0
4/10/2021,0
4/11/2021,0
4/12/2021,0
4/13/2021,0
4/14/2021,0
4/15/2021,0
4/16/2021,0
4/17/2021,0
4/18/2021,0
4/19/2021,0
4/20/2021,0
4/21/2021,6
4/22/2021,2
4/23/2021,0
4/24/2021,0
4/25/2021,0
4/26/2021,0
4/27/2021,0
4/28/2021,0
4/29/2021,0
4/30/2021,0
5/1/2021,0
5/2/2021,0
5/3/2021,0
5/4/2021,0
5/5/2021,0
5/6/2021,0
5/7/2021,0
5/8/2021,0
5/9/2021,0
5/10/2021,0
5/11/2021,0
5/12/2021,0
5/13/2021,0
5/14/2021,0
5/15/2021,0
5/16/2021,0
5/17/2021,0
5/18/2021,0
5/19/2021,0
5/20/2021,0
5/21/2021,0
5/22/2021,0
5/23/2021,0
5/24/2021,0
5/25/2021,0
5/26/2021,0
5/27/2021,0
5/28/2021,0
5/29/2021,0
5/30/2021,0
5/31/2021,0
6/1/2021,0
6/2/2021,0
6/3/2021,0
6/4/2021,0
6/5/2021,0
6/6/2021,0
6/7/2021,0
6/8/2021,0
6/9/2021,0
6/10/2021,0
6/11/2021,0
6/12/2021,0
6/13/2021,0
6/14/2021,0
6/15/2021,0
6/16/2021,0
6/17/2021,0
6/18/2021,0
6/19/2021,0
6/20/2021,0
6/21/2021,0
6/22/2021,0
6/23/2021,0
6/24/2021,0
6/25/2021,0
6/26/2021,0
6/27/2021,0
6/28/2021,0
6/29/2021,0
6/30/2021,0
7/1/2021,0
7/2/2021,0
7/3/2021,0
7/4/2021,0
7/5/2021,0
7/6/2021,0
7/7/2021,0
7/8/2021,0
7/9/2021,0
7/10/2021,0
7/11/2021,0
7/12/2021,0
7/13/2021,0
7/14/2021,0
7/15/2021,0
7/16/2021,0
7/17/2021,0
7/18/2021,0
7/19/2021,0
7/20/2021,0
7/21/2021,0
7/22/2021,0
7/23/2021,0
7/24/2021,0
7/25/2021,0
7/26/2021,0
7/27/2021,0
7/28/2021,0
7/29/2021,0
7/30/2021,0
7/31/2021,0
8/1/2021,0
8/2/2021,0
8/3/2021,0
8/4/2021,0
8/5/2021,0
8/6/2021,0
8/7/2021,0
8/8/2021,0
8/9/2021,0
8/10/2021,0
8/11/2021,0
8/12/2021,0
8/13/2021,0
8/14/2021,0
8/15/2021,0
8/16/2021,0
8/17/2021,0
8/18/2021,0
8/19/2021,0
8/20/2021,0
8/21/2021,0
8/22/2021,0
8/23/2021,0
8/24/2021,0
8/25/2021,0
8/26/2021,0
8/27/2021,0
8/28/2021,0
8/29/2021,0
8/30/2021,0
8/31/2021,0
9/1/2021,0
9/2/2021,0
9/3/2021,0
9/4/2021,0
9/5/2021,0
9/6/2021,0
9/7/2021,0
9/8/2021,0
9/9/2021,0
9/10/2021,0
9/11/2021,0
9/12/2021,0
9/13/2021,0
9/14/2021,0
9/15/2021,0
9/16/2021,0
9/17/2021,0
9/18/2021,0
9/19/2021,0
9/20/2021,0
9/21/2021,0
9/22/2021,0
9/23/2021,0
9/24/2021,0
9/25/2021,0
9/26/2021,0
9/27/2021,0
9/28/2021,0
9/29/2021,0
9/30/2021,0
10/1/2021,0
10/2/2021,0
10/3/2021,0
10/4/2021,0
10/5/2021,0
10/6/2021,0
10/7/2021,0
10/8/2021,0
10/9/2021,0
10/10/2021,0
10/11/2021,0
10/12/2021,0
10/13/2021,0
10/14/2021,0
10/15/2021,0
10/16/2021,0
10/17/2021,0
10/18/2021,0
10/19/2021,0
10/20/2021,0
10/21/2021,0
10/22/2021,0
10/23/2021,0
10/24/2021,0
10/25/2021,0
10/26/2021,0
10/27/2021,0
10/28/2021,0
10/29/2021,0
10/30/2021,0
10/31/2021,0
11/1/2021,0
11/2/2021,0
11/3/2021,0
11/4/2021,0
11/5/2021,0
11/6/2021,0
11/7/2021,0
11/8/2021,0
11/9/2021,0
11/10/2021,0
11/11/2021,0
11/12/2021,0
11/13/2021,0
11/14/2021,0
11/15/2021,1
11/16/2021,1
11/17/2021,0
11/18/2021,0
11/19/2021,6
11/20/2021,4
11/21/2021,0
11/22/2021,0
11/23/2021,0
11/24/2021,0
11/25/2021,0
11/26/2021,0
11/27/2021,M
11/28/2021,3
11/29/2021,3
11/30/2021,2
12/1/2021,0
12/2/2021,0
12/3/2021,0
12/4/2021,0
12/5/2021,0
12/6/2021,0
12/7/2021,M
12/8/2021,M
12/9/2021,0
12/10/2021,0
12/11/2021,0
12/12/2021,0
12/13/2021,0
12/14/2021,0
12/15/2021,0
12/16/2021,0
12/17/2021,0
12/18/2021,0
12/19/2021,0
12/20/2021,M
12/21/2021,0
12/22/2021,0
12/23/2021,0
12/24/2021,0
12/25/2021,0
12/26/2021,0
12/27/2021,1
12/28/2021,0
12/29/2021,M
12/30/2021,0
12/31/2021,0
1/1/2022,0
1/2/2022,0
1/3/2022,M
1/4/2022,M
1/5/2022,0
1/6/2022,M
1/7/2022,4
1/8/2022,7
1/9/2022,0
1/10/2022,1
1/11/2022,2
1/12/2022,1
1/13/2022,M
1/14/2022,0
1/15/2022,M
1/16/2022,M
1/17/2022,16
1/18/2022,19
1/19/2022,17
1/20/2022,15
1/21/2022,17
1/22/2022,17
1/23/2022,17
1/24/2022,19
1/25/2022,18
1/26/2022,17
1/27/2022,16
1/28/2022,17
1/29/2022,17
1/30/2022,17
1/31/2022,15
2/1/2022,15
2/2/2022,12
2/3/2022,12
2/4/2022,16
2/5/2022,14
2/6/2022,14
2/7/2022,14
2/8/2022,13
2/9/2022,12
2/10/2022,11
2/11/2022,10
2/12/2022,10
2/13/2022,10
2/14/2022,10
2/15/2022,10
2/16/2022,10
2/17/2022,M
2/18/2022,4
2/19/2022,5
2/20/2022,6
2/21/2022,4
2/22/2022,0
2/23/2022,0
2/24/2022,0
2/25/2022,M
2/26/2022,3
2/27/2022,3
2/28/2022,M
3/1/2022,0
3/2/2022,0
3/3/2022,1
3/4/2022,1
3/5/2022,1
3/6/2022,0
3/7/2022,0
3/8/2022,M
3/9/2022,0
3/10/2022,0
3/11/2022,0
3/12/2022,3
3/13/2022,1
3/14/2022,M
3/15/2022,0
3/16/2022,0
3/17/2022,0
3/18/2022,0
3/19/2022,0
3/20/2022,0
3/21/2022,0
3/22/2022,0
3/23/2022,0
3/24/2022,0
3/25/2022,0
3/26/2022,0
3/27/2022,4
3/28/2022,5
3/29/2022,4
3/30/2022,M
3/31/2022,0
4/1/2022,1
4/2/2022,0
4/3/2022,M
4/4/2022,0
4/5/2022,0
4/6/2022,0
4/7/2022,0
4/8/2022,0
4/9/2022,0
4/10/2022,0
4/11/2022,0
4/12/2022,0
4/13/2022,0
4/14/2022,0
4/15/2022,0
4/16/2022,0
4/17/2022,M
4/18/2022,0
4/19/2022,M
4/20/2022,0
4/21/2022,0
4/22/2022,0
4/23/2022,0
4/24/2022,0
4/25/2022,0
4/26/2022,0
4/27/2022,0
4/28/2022,0
4/29/2022,0
4/30/2022,0
5/1/2022,0
5/2/2022,0
5/3/2022,0
5/4/2022,0
5/5/2022,0
5/6/2022,0
5/7/2022,0
5/8/2022,0
5/9/2022,0
5/10/2022,0
5/11/2022,0
5/12/2022,0
5/13/2022,0
5/14/2022,0
5/15/2022,0
5/16/2022,0
5/17/2022,0
5/18/2022,0
5/19/2022,0
5/20/2022,0
5/21/2022,0
5/22/2022,0
5/23/2022,0
5/24/2022,0
5/25/2022,0
5/26/2022,0
5/27/2022,0
5/28/2022,0
5/29/2022,0
5/30/2022,0
5/31/2022,0
6/1/2022,0
6/2/2022,0
6/3/2022,0
6/4/2022,0
6/5/2022,0
6/6/2022,0
6/7/2022,0
6/8/2022,0
6/9/2022,0
6/10/2022,0
6/11/2022,0
6/12/2022,0
6/13/2022,0
6/14/2022,0
6/15/2022,0
6/16/2022,0
6/17/2022,0
6/18/2022,0
6/19/2022,0
6/20/2022,0
6/21/2022,0
6/22/2022,0
6/23/2022,0
6/24/2022,0
6/25/2022,0
6/26/2022,0
6/27/2022,0
6/28/2022,0
6/29/2022,0
6/30/2022,0
7/1/2022,0
7/2/2022,0
7/3/2022,0
7/4/2022,0
7/5/2022,0
7/6/2022,0
7/7/2022,0
7/8/2022,0
7/9/2022,0
7/10/2022,0
7/11/2022,0
7/12/2022,0
7/13/2022,0
7/14/2022,0
7/15/2022,0
7/16/2022,0
7/17/2022,0
7/18/2022,0
7/19/2022,0
7/20/2022,0
7/21/2022,0
7/22/2022,0
7/23/2022,0
7/24/2022,0
7/25/2022,0
7/26/2022,0
7/27/2022,0
7/28/2022,0
7/29/2022,0
7/30/2022,0
7/31/2022,0
8/1/2022,0
8/2/2022,0
8/3/2022,0
8/4/2022,0
8/5/2022,0
8/6/2022,0
8/7/2022,0
8/8/2022,0
8/9/2022,0
8/10/2022,0
8/11/2022,0
8/12/2022,0
8/13/2022,0
8/14/2022,0
8/15/2022,0
8/16/2022,0
8/17/2022,0
8/18/2022,0
8/19/2022,0
8/20/2022,0
8/21/2022,0
8/22/2022,0
8/23/2022,0
8/24/2022,0
8/25/2022,0
8/26/2022,0
8/27/2022,0
8/28/2022,0
8/29/2022,0
8/30/2022,0
8/31/2022,0
9/1/2022,0
9/2/2022,0
9/3/2022,0
9/4/2022,0
9/5/2022,0
9/6/2022,0
9/7/2022,0
9/8/2022,0
9/9/2022,0
9/10/2022,0
9/11/2022,0
9/12/2022,0
9/13/2022,0
9/14/2022,0
9/15/2022,0
9/16/2022,0
9/17/2022,0
9/18/2022,0
9/19/2022,0
9/20/2022,0
9/21/2022,0
9/22/2022,0
9/23/2022,0
9/24/2022,0
9/25/2022,0
9/26/2022,0
9/27/2022,0
9/28/2022,0
9/29/2022,0
9/30/2022,0
10/1/2022,0
10/2/2022,0
10/3/2022,0
10/4/2022,0
10/5/2022,0
10/6/2022,0
10/7/2022,0
10/8/2022,0
10/9/2022,0
10/10/2022,0
10/11/2022,0
10/12/2022,0
10/13/2022,0
10/14/2022,0
10/15/2022,0
10/16/2022,0
10/17/2022,0
10/18/2022,M
10/19/2022,M
10/20/2022,0
10/21/2022,0
10/22/2022,0
10/23/2022,0
10/24/2022,0
10/25/2022,0
10/26/2022,0
10/27/2022,0
10/28/2022,0
10/29/2022,0
10/30/2022,0
10/31/2022,0
11/1/2022,0
11/2/2022,0
11/3/2022,0
11/4/2022,0
11/5/2022,0
11/6/2022,0
11/7/2022,0
11/8/2022,0
11/9/2022,0
11/10/2022,0
11/11/2022,0
11/12/2022,0
11/13/2022,1
11/14/2022,2
11/15/2022,M
11/16/2022,M
11/17/2022,1
11/18/2022,1
11/19/2022,M
11/20/2022,6
11/21/2022,4
11/22/2022,3
11/23/2022,2
11/24/2022,2
11/25/2022,0
11/26/2022,0
11/27/2022,0
11/28/2022,0
11/29/2022,0
11/30/2022,0
12/1/2022,M
12/2/2022,0
12/3/2022,0
12/4/2022,0
12/5/2022,0
12/6/2022,0
12/7/2022,0
12/8/2022,0
12/9/2022,0
12/10/2022,0
12/11/2022,0
12/12/2022,M
12/13/2022,0
12/14/2022,0
12/15/2022,0
12/16/2022,0
12/17/2022,M
12/18/2022,M
12/19/2022,M
12/20/2022,M
12/21/2022,0
12/22/2022,0
12/23/2022,2
12/24/2022,2
12/25/2022,2
12/26/2022,2
12/27/2022,2
12/28/2022,2
12/29/2022,M
12/30/2022,0
12/31/2022,0
1/1/2023,0
1/2/2023,0
1/3/2023,0
1/4/2023,0
1/5/2023,0
1/6/2023,M
1/7/2023,M
1/8/2023,M
1/9/2023,M
1/10/2023,0
1/11/2023,0
1/12/2023,0
1/13/2023,4
1/14/2023,4
1/15/2023,5
1/16/2023,3
1/17/2023,1
1/18/2023,0
1/19/2023,0
1/20/2023,M
1/21/2023,1
1/22/2023,M
1/23/2023,6
1/24/2023,5
1/25/2023,4
1/26/2023,3
1/27/2023,6
1/28/2023,4
1/29/2023,2
1/30/2023,1
1/31/2023,2
2/1/2023,2
2/2/2023,1
2/3/2023,1
2/4/2023,1
2/5/2023,M
2/6/2023,M
2/7/2023,M
2/8/2023,0
2/9/2023,0
2/10/2023,0
2/11/2023,0
2/12/2023,0
2/13/2023,0
2/14/2023,0
2/15/2023,0
2/16/2023,0
2/17/2023,M
2/18/2023,M
2/19/2023,0
2/20/2023,0
2/21/2023,0
2/22/2023,0
2/23/2023,0
2/24/2023,M
2/25/2023,1
2/26/2023,0
2/27/2023,0
2/28/2023,0
3/1/2023,0
3/2/2023,0
3/3/2023,0
3/4/2023,0
3/5/2023,0
3/6/2023,0
3/7/2023,1
3/8/2023,0
3/9/2023,0
3/10/2023,M
3/11/2023,2
3/12/2023,1
3/13/2023,2
3/14/2023,6
3/15/2023,6
3/16/2023,3
3/17/2023,0
3/18/2023,0
3/19/2023,7
3/20/2023,4
3/21/2023,0
3/22/2023,0
3/23/2023,0
3/24/2023,0
3/25/2023,0
3/26/2023,0
3/27/2023,0
3/28/2023,0
3/29/2023,0
3/30/2023,1
3/31/2023,0
4/1/2023,0
4/2/2023,0
4/3/2023,0
4/4/2023,0
4/5/2023,0
4/6/2023,0
4/7/2023,0
4/8/2023,0
4/9/2023,0
4/10/2023,0
4/11/2023,0
4/12/2023,0
4/13/2023,0
4/14/2023,0
4/15/2023,0
4/16/2023,0
4/17/2023,0
4/18/2023,1
4/19/2023,0
4/20/2023,0
4/21/2023,0
4/22/2023,0
4/23/2023,0
4/24/2023,0
4/25/2023,0
4/26/2023,0
4/27/2023,0
4/28/2023,0
4/29/2023,0
4/30/2023,0
5/1/2023,0
5/2/2023,1
5/3/2023,0
5/4/2023,0
5/5/2023,0
5/6/2023,0
5/7/2023,0
5/8/2023,0
5/9/2023,0
5/10/2023,0
5/11/2023,0
5/12/2023,0
5/13/2023,0
5/14/2023,0
5/15/2023,0
5/16/2023,0
5/17/2023,0
5/18/2023,0
5/19/2023,0
5/20/2023,0
5/21/2023,0
5/22/2023,0
5/23/2023,0
5/24/2023,0
5/25/2023,0
5/26/2023,0
5/27/2023,0
5/28/2023,0
5/29/2023,0
5/30/2023,0
5/31/2023,0
6/1/2023,0
6/2/2023,0
6/3/2023,0
6/4/2023,0
6/5/2023,0
6/6/2023,0
6/7/2023,0
6/8/2023,0
6/9/2023,0
6/10/2023,0
6/11/2023,0
6/12/2023,0
6/13/2023,0
6/14/2023,0
6/15/2023,0
6/16/2023,0
6/17/2023,0
6/18/2023,0
6/19/2023,0
6/20/2023,0
6/21/2023,0
6/22/2023,0
6/23/2023,0
6/24/2023,0
6/25/2023,0
6/26/2023,0
6/27/2023,0
6/28/2023,0
6/29/2023,0
6/30/2023,0
7/1/2023,0
7/2/2023,0
7/3/2023,0
7/4/2023,0
7/5/2023,0
7/6/2023,0
7/7/2023,0
7/8/2023,0
7/9/2023,0
7/10/2023,0
7/11/2023,0
7/12/2023,0
7/13/2023,0
7/14/2023,0
7/15/2023,0
7/16/2023,0
7/17/2023,0
7/18/2023,0
7/19/2023,0
7/20/2023,0
7/21/2023,0
7/22/2023,0
7/23/2023,0
7/24/2023,0
7/25/2023,0
7/26/2023,0
7/27/2023,0
7/28/2023,0
7/29/2023,0
7/30/2023,0
7/31/2023,0
8/1/2023,0
8/2/2023,0
8/3/2023,0
8/4/2023,0
8/5/2023,0
8/6/2023,0
8/7/2023,0
8/8/2023,0
8/9/2023,0
8/10/2023,0
8/11/2023,0
8/12/2023,0
8/13/2023,0
8/14/2023,0
8/15/2023,0
8/16/2023,0
8/17/2023,0
8/18/2023,0
8/19/2023,0
8/20/2023,0
8/21/2023,0
8/22/2023,0
8/23/2023,0
8/24/2023,0
8/25/2023,0
8/26/2023,0
8/27/2023,0
8/28/2023,0
8/29/2023,0
8/30/2023,0
8/31/2023,0
9/1/2023,0
9/2/2023,0
9/3/2023,0
9/4/2023,0
9/5/2023,0
9/6/2023,0
9/7/2023,0
9/8/2023,0
9/9/2023,0
9/10/2023,0
9/11/2023,0
9/12/2023,0
9/13/2023,0
9/14/2023,0
9/15/2023,0
9/16/2023,0
9/17/2023,0
9/18/2023,0
9/19/2023,0
9/20/2023,0
9/21/2023,0
9/22/2023,0
9/23/2023,0
9/24/2023,0
9/25/2023,0
9/26/2023,0
9/27/2023,0
9/28/2023,0
9/29/2023,0
9/30/2023,0
10/1/2023,0
10/2/2023,0
10/3/2023,0
10/4/2023,0
10/5/2023,0
10/6/2023,0
10/7/2023,0
10/8/2023,0
10/9/2023,0
10/10/2023,0
10/11/2023,0
10/12/2023,0
10/13/2023,0
10/14/2023,0
10/15/2023,0
10/16/2023,0
10/17/2023,0
10/18/2023,0
10/19/2023,0
10/20/2023,0
10/21/2023,0
10/22/2023,0
10/23/2023,0
10/24/2023,0
10/25/2023,0
10/26/2023,0
10/27/2023,0
10/28/2023,0
10/29/2023,0
10/30/2023,0
10/31/2023,0
11/1/2023,4
11/2/2023,M
11/3/2023,0
11/4/2023,0
11/5/2023,0
11/6/2023,0
11/7/2023,0
11/8/2023,0
11/9/2023,0
11/10/2023,0
11/11/2023,0
11/12/2023,0
11/13/2023,0
11/14/2023,0
11/15/2023,0
11/16/2023,0
11/17/2023,0
11/18/2023,0
11/19/2023,0
11/20/2023,0
11/21/2023,0
11/22/2023,0
11/23/2023,0
11/24/2023,0
11/25/2023,0
11/26/2023,0
11/27/2023,0
11/28/2023,8
11/29/2023,5
11/30/2023,3
12/1/2023,M
12/2/2023,0
12/3/2023,0
12/4/2023,0
12/5/2023,0
12/6/2023,0
12/7/2023,0
12/8/2023,0
12/9/2023,0
12/10/2023,0
12/11/2023,M
12/12/2023,M
12/13/2023,0
12/14/2023,0
12/15/2023,0
12/16/2023,0
12/17/2023,0
12/18/2023,0
12/19/2023,8
12/20/2023,7
12/21/2023,6
12/22/2023,4
12/23/2023,2
12/24/2023,0
12/25/2023,0
12/26/2023,0
12/27/2023,0
12/28/2023,0
12/29/2023,0
12/30/2023,0
12/31/2023,0
1/1/2024,0
1/2/2024,M
1/3/2024,0
1/4/2024,1
1/5/2024,1
1/6/2024,1
1/7/2024,1
1/8/2024,1
1/9/2024,1
1/10/2024,M
1/11/2024,0
1/12/2024,0
1/13/2024,0
1/14/2024,M
1/15/2024,0
1/16/2024,1
1/17/2024,2
1/18/2024,2
1/19/2024,3
1/20/2024,5
1/21/2024,6
1/22/2024,6
1/23/2024,4
1/24/2024,2
1/25/2024,0
1/26/2024,0
1/27/2024,0
1/28/2024,0
1/29/2024,M
1/30/2024,0
1/31/2024,0
2/1/2024,0
2/2/2024,0
2/3/2024,0
2/4/2024,0
2/5/2024,0
2/6/2024,0
2/7/2024,0
2/8/2024,0
2/9/2024,0
2/10/2024,0
2/11/2024,0
2/12/2024,0
2/13/2024,0
2/14/2024,0
2/15/2024,0
2/16/2024,0
2/17/2024,2
2/18/2024,2
2/19/2024,0
2/20/2024,0
2/21/2024,0
2/22/2024,0
2/23/2024,0
2/24/2024,0
2/25/2024,0
2/26/2024,0
2/27/2024,0
2/28/2024,0
2/29/2024,2
3/1/2024,0
3/2/2024,0
3/3/2024,0
3/4/2024,0
3/5/2024,0
3/6/2024,0
3/7/2024,0
3/8/2024,0
3/9/2024,0
3/10/2024,M
3/11/2024,3
3/12/2024,0
3/13/2024,0
3/14/2024,0
3/15/2024,0
3/16/2024,0
3/17/2024,0
3/18/2024,M
3/19/2024,1
3/20/2024,0
3/21/2024,0
3/22/2024,0
3/23/2024,1
3/24/2024,0
3/25/2024,0
3/26/2024,0
3/27/2024,0
3/28/2024,0
3/29/2024,0
3/30/2024,0
3/31/2024,0
4/1/2024,0
4/2/2024,0
4/3/2024,0
4/4/2024,0
4/5/2024,M
4/6/2024,0
4/7/2024,0
4/8/2024,0
4/9/2024,0
4/10/2024,0
4/11/2024,0
4/12/2024,0
4/13/2024,0
4/14/2024,0
4/15/2024,0
4/16/2024,0
4/17/2024,0
4/18/2024,0
4/19/2024,0
4/20/2024,0
4/21/2024,0
4/22/2024,0
4/23/2024,0
4/24/2024,0
4/25/2024,0
4/26/2024,0
4/27/2024,0
4/28/2024,0
4/29/2024,0
4/30/2024,0
5/1/2024,0
5/2/2024,0
5/3/2024,0
5/4/2024,0
5/5/2024,0
5/6/2024,0
5/7/2024,0
5/8/2024,0
5/9/2024,0
5/10/2024,0
5/11/2024,0
5/12/2024,0
5/13/2024,0
5/14/2024,0
5/15/2024,0
5/16/2024,0
5/17/2024,0
5/18/2024,0
5/19/2024,0
5/20/2024,0
5/21/2024,0
5/22/2024,0
5/23/2024,0
5/24/2024,0
5/25/2024,0
5/26/2024,0
5/27/2024,0
5/28/2024,0
5/29/2024,0
5/30/2024,0
5/31/2024,0
6/1/2024,0
6/2/2024,0
6/3/2024,0
6/4/2024,0
6/5/2024,0
6/6/2024,0
6/7/2024,0
6/8/2024,0
6/9/2024,0
6/10/2024,0
6/11/2024,0
6/12/2024,0
6/13/2024,0
6/14/2024,0
6/15/2024,0
6/16/2024,0
6/17/2024,0
6/18/2024,0
6/19/2024,0
6/20/2024,0
6/21/2024,0
6/22/2024,0
6/23/2024,0
6/24/2024,0
6/25/2024,0
6/26/2024,0
6/27/2024,0
6/28/2024,0
6/29/2024,0
6/30/2024,0
7/1/2024,0
7/2/2024,0
7/3/2024,0
7/4/2024,0
7/5/2024,0
7/6/2024,0
7/7/2024,0
7/8/2024,0
7/9/2024,0
7/10/2024,0
7/11/2024,0
7/12/2024,0
7/13/2024,0
7/14/2024,0
7/15/2024,0
7/16/2024,0
7/17/2024,0
7/18/2024,0
7/19/2024,0
7/20/2024,0
7/21/2024,0
7/22/2024,0
7/23/2024,0
7/24/2024,0
7/25/2024,0
7/26/2024,0
7/27/2024,0
7/28/2024,0
7/29/2024,0
7/30/2024,0
7/31/2024,0
8/1/2024,0
8/2/2024,0
8/3/2024,0
8/4/2024,0
8/5/2024,0
8/6/2024,0
8/7/2024,0
8/8/2024,0
8/9/2024,0
8/10/2024,0
8/11/2024,0
8/12/2024,0
8/13/2024,0
8/14/2024,0
8/15/2024,0
8/16/2024,0
8/17/2024,0
8/18/2024,0
8/19/2024,0
8/20/2024,0
8/21/2024,0
8/22/2024,0
8/23/2024,0
8/24/2024,0
8/25/2024,0
8/26/2024,0
8/27/2024,0
8/28/2024,0
8/29/2024,0
8/30/2024,0
8/31/2024,0
9/1/2024,0
9/2/2024,0
9/3/2024,0
9/4/2024,0
9/5/2024,0
9/6/2024,0
9/7/2024,0
9/8/2024,0
9/9/2024,0
9/10/2024,0
9/11/2024,0
9/12/2024,0
9/13/2024,0
9/14/2024,0
9/15/2024,0
9/16/2024,0
9/17/2024,0
9/18/2024,0
9/19/2024,0
9/20/2024,0
9/21/2024,0
9/22/2024,0
9/23/2024,0
9/24/2024,0
9/25/2024,0
9/26/2024,0
9/27/2024,0
9/28/2024,0
9/29/2024,0
9/30/2024,0
10/1/2024,0
10/2/2024,0
10/3/2024,0
10/4/2024,0
10/5/2024,0
10/6/2024,0
10/7/2024,0
10/8/2024,0
10/9/2024,0
10/10/2024,0
10/11/2024,0
10/12/2024,0
10/13/2024,0
10/14/2024,0
10/15/2024,0
10/16/2024,0
10/17/2024,0
10/18/2024,0
10/19/2024,0
10/20/2024,0
10/21/2024,0
10/22/2024,0
10/23/2024,0
10/24/2024,0
10/25/2024,0
10/26/2024,0
10/27/2024,0
10/28/2024,0
10/29/2024,0
10/30/2024,0
10/31/2024,0
11/1/2024,0
11/2/2024,0
11/3/2024,0
11/4/2024,0
11/5/2024,0
11/6/2024,0
11/7/2024,0
11/8/2024,0
11/9/2024,0
11/10/2024,0
11/11/2024,0
11/12/2024,0
11/13/2024,0
11/14/2024,0
11/15/2024,0
11/16/2024,0
11/17/2024,0
11/18/2024,0
11/19/2024,0
11/20/2024,0
11/21/2024,0
11/22/2024,3
11/23/2024,0
11/24/2024,0
11/25/2024,0
11/26/2024,0
11/27/2024,0
11/28/2024,0
11/29/2024,2
11/30/2024,2
12/1/2024,1
12/2/2024,3
12/3/2024,8
12/4/2024,6
12/5/2024,9
12/6/2024,11
12/7/2024,11
12/8/2024,8
12/9/2024,3
12/10/2024,0
12/11/2024,0
12/12/2024,1
12/13/2024,1
12/14/2024,1
12/15/2024,1
12/16/2024,0
12/17/2024,0
12/18/2024,0
12/19/2024,0
12/20/2024,M
12/21/2024,4
12/22/2024,8
12/23/2024,7
12/24/2024,2
12/25/2024,1
12/26/2024,M
12/27/2024,0
12/28/2024,0
12/29/2024,0
12/30/2024,0
12/31/2024,0
1/1/2025,3
1/2/2025,4
1/3/2025,4
1/4/2025,7
1/5/2025,8
1/6/2025,7
1/7/2025,7
1/8/2025,5
1/9/2025,5
1/10/2025,4
1/11/2025,7
1/12/2025,7
1/13/2025,4
1/14/2025,4
1/15/2025,7
1/16/2025,6
1/17/2025,6
1/18/2025,4
1/19/2025,5
1/20/2025,11
1/21/2025,8
1/22/2025,8
1/23/2025,6
1/24/2025,7
1/25/2025,7
1/26/2025,7
1/27/2025,7
1/28/2025,5
1/29/2025,5
1/30/2025,5
1/31/2025,2
2/1/2025,1
2/2/2025,1
2/3/2025,1
2/4/2025,M
2/5/2025,0
2/6/2025,M
2/7/2025,0
2/8/2025,0
2/9/2025,1
2/10/2025,1
2/11/2025,1
2/12/2025,1
2/13/2025,1
2/14/2025,1
2/15/2025,1
2/16/2025,0
2/17/2025,5
2/18/2025,6
2/19/2025,6
2/20/2025,7
2/21/2025,10
2/22/2025,M
2/23/2025,M
2/24/2025,M
2/25/2025,M
2/26/2025,0
2/27/2025,0
2/28/2025,0
3/1/2025,1
3/2/2025,1
3/3/2025,1
3/4/2025,0
3/5/2025,0
3/6/2025,1
3/7/2025,1
3/8/2025,1
3/9/2025,0
3/10/2025,0
3/11/2025,0
3/12/2025,0
3/13/2025,0
3/14/2025,0
3/15/2025,0
3/16/2025,0
3/17/2025,1
3/18/2025,0
3/19/2025,0
3/20/2025,0
3/21/2025,0
3/22/2025,0
3/23/2025,0
3/24/2025,0
3/25/2025,0
3/26/2025,0
3/27/2025,0
3/28/2025,0
3/29/2025,0
3/30/2025,0
3/31/2025,0
4/1/2025,0
4/2/2025,0
4/3/2025,0
4/4/2025,0
4/5/2025,0
4/6/2025,0
4/7/2025,M
4/8/2025,M
4/9/2025,0
4/10/2025,0
4/11/2025,0
4/12/2025,0
4/13/2025,0
4/14/2025,0
4/15/2025,0
4/16/2025,0
4/17/2025,0
4/18/2025,0
4/19/2025,0
4/20/2025,0
4/21/2025,0
4/22/2025,0
4/23/2025,0
4/24/2025,0
4/25/2025,0
4/26/2025,0
4/27/2025,0
4/28/2025,0
4/29/2025,0
4/30/2025,0
5/1/2025,0
5/2/2025,0
5/3/2025,0
5/4/2025,0
5/5/2025,0
5/6/2025,0
5/7/2025,0
5/8/2025,0
5/9/2025,0
5/10/2025,0
5/11/2025,0
5/12/2025,0
5/13/2025,0
5/14/2025,0
5/15/2025,0
5/16/2025,0
5/17/2025,0
5/18/2025,0
5/19/2025,0
5/20/2025,0
5/21/2025,0
5/22/2025,0
5/23/2025,0
5/24/2025,0
5/25/2025,0
5/26/2025,0
5/27/2025,0
5/28/2025,0
5/29/2025,0
5/30/2025,0
5/31/2025,0
6/1/2025,0
6/2/2025,0
6/3/2025,0
6/4/2025,0
6/5/2025,0
6/6/2025,0
6/7/2025,0
6/8/2025,0
6/9/2025,0
6/10/2025,0
6/11/2025,0
6/12/2025,0
6/13/2025,0
6/14/2025,0
6/15/2025,0
6/16/2025,0
6/17/2025,0
6/18/2025,0
6/19/2025,0
6/20/2025,0
6/21/2025,0
6/22/2025,0
6/23/2025,0
6/24/2025,0
6/25/2025,0
6/26/2025,0
6/27/2025,0
6/28/2025,0
6/29/2025,0
6/30/2025,0
7/1/2025,0
7/2/2025,0
7/3/2025,0
7/4/2025,0
7/5/2025,0
7/6/2025,0
7/7/2025,0
7/8/2025,0
7/9/2025,0
7/10/2025,0
7/11/2025,0
7/12/2025,0
7/13/2025,0
7/14/2025,0
7/15/2025,0
7/16/2025,0
7/17/2025,0
7/18/2025,0
7/19/2025,0
7/20/2025,0
7/21/2025,0
7/22/2025,0
7/23/2025,0
7/24/2025,0
7/25/2025,0
7/26/2025,0
7/27/2025,0
7/28/2025,0
7/29/2025,0
7/30/2025,0
7/31/2025,0
8/1/2025,0
8/2/2025,0
8/3/2025,0
8/4/2025,0
8/5/2025,0
8/6/2025,0
8/7/2025,0
8/8/2025,0
8/9/2025,0
8/10/2025,0
8/11/2025,0
8/12/2025,0
8/13/2025,0
8/14/2025,0
8/15/2025,0
8/16/2025,0
8/17/2025,0
8/18/2025,0
8/19/2025,0
8/20/2025,0
8/21/2025,0
8/22/2025,0
8/23/2025,0
8/24/2025,0
8/25/2025,0
8/26/2025,0
8/27/2025,0
8/28/2025,0
8/29/2025,0
8/30/2025,0
8/31/2025,0
